日期,股票代码,名称,收盘价,最高价,最低价,开盘价,前收盘,涨跌额,涨跌幅,换手率,成交量,成交金额,总市值,流通市值
2016-12-30,'600006,东风汽车,6.88,6.95,6.85,6.93,6.92,-0.04,-0.578,0.3786,7572309,52232499.0,13760000000.0,13760000000.0
2016-12-29,'600006,东风汽车,6.92,7.01,6.88,6.88,6.93,-0.01,-0.1443,0.4656,9311585,64628012.0,13840000000.0,13840000000.0
2016-12-28,'600006,东风汽车,6.93,7.07,6.89,7.05,7.04,-0.11,-1.5625,0.6951,13902812,96732721.0,13860000000.0,13860000000.0
2016-12-27,'600006,东风汽车,7.04,7.13,6.99,7.1,7.12,-0.08,-1.1236,0.6045,12090522,85376862.0,14080000000.0,14080000000.0
2016-12-26,'600006,东风汽车,7.12,7.13,6.95,7.07,7.12,0.0,0.0,0.6823,13646870,95911412.0,14240000000.0,14240000000.0
2016-12-23,'600006,东风汽车,7.12,7.28,7.09,7.21,7.26,-0.14,-1.9284,1.2741,25481790,182328635.0,14240000000.0,14240000000.0
2016-12-22,'600006,东风汽车,7.26,7.43,7.07,7.12,7.06,0.2,2.8329,1.862,37240547,269897820.0,14520000000.0,14520000000.0
2016-12-21,'600006,东风汽车,7.06,7.13,6.95,6.98,6.98,0.08,1.1461,1.0141,20282978,142943055.0,14120000000.0,14120000000.0
2016-12-20,'600006,东风汽车,6.98,7.02,6.9,7.0,7.08,-0.1,-1.4124,0.8248,16496210,114640121.0,13960000000.0,13960000000.0
2016-12-19,'600006,东风汽车,7.08,7.27,6.8,6.93,6.94,0.14,2.0173,2.0557,41113250,289118112.0,14160000000.0,14160000000.0
2016-12-16,'600006,东风汽车,6.94,7.35,6.9,7.1,6.68,0.26,3.8922,2.1351,42702195,302153220.0,13880000000.0,13880000000.0
2016-12-15,'600006,东风汽车,6.68,6.75,6.64,6.66,6.67,0.01,0.1499,0.3994,7988247,53455295.0,13360000000.0,13360000000.0
2016-12-14,'600006,东风汽车,6.67,6.8,6.65,6.8,6.8,-0.13,-1.9118,0.512,10239941,68666858.0,13340000000.0,13340000000.0
2016-12-13,'600006,东风汽车,6.8,6.82,6.66,6.77,6.79,0.01,0.1473,0.5597,11194790,75427124.0,13600000000.0,13600000000.0
2016-12-12,'600006,东风汽车,6.79,7.31,6.59,7.28,7.28,-0.49,-6.7308,1.2132,24263531,169164925.0,13580000000.0,13580000000.0
2016-12-09,'600006,东风汽车,7.28,7.34,7.27,7.29,7.29,-0.01,-0.1372,0.3444,6888965,50282692.0,14560000000.0,14560000000.0
2016-12-08,'600006,东风汽车,7.29,7.35,7.28,7.33,7.34,-0.05,-0.6812,0.3609,7217790,52747008.0,14580000000.0,14580000000.0
2016-12-07,'600006,东风汽车,7.34,7.35,7.27,7.31,7.29,0.05,0.6859,0.3259,6518917,47681553.0,14680000000.0,14680000000.0
2016-12-06,'600006,东风汽车,7.29,7.34,7.28,7.33,7.3,-0.01,-0.137,0.3573,7145336,52145713.0,14580000000.0,14580000000.0
2016-12-05,'600006,东风汽车,7.3,7.46,7.27,7.35,7.37,-0.07,-0.9498,0.8535,17069588,125504135.0,14600000000.0,14600000000.0
2016-12-02,'600006,东风汽车,7.37,7.47,7.36,7.46,7.48,-0.11,-1.4706,0.5833,11666482,86454426.0,14740000000.0,14740000000.0
2016-12-01,'600006,东风汽车,7.48,7.54,7.4,7.4,7.41,0.07,0.9447,0.6401,12801035,95711509.0,14960000000.0,14960000000.0
2016-11-30,'600006,东风汽车,7.41,7.5,7.39,7.47,7.5,-0.09,-1.2,0.6241,12482424,92788408.0,14820000000.0,14820000000.0
2016-11-29,'600006,东风汽车,7.5,7.58,7.44,7.47,7.48,0.02,0.2674,0.7621,15242571,114534272.0,15000000000.0,15000000000.0
2016-11-28,'600006,东风汽车,7.48,7.53,7.44,7.5,7.5,-0.02,-0.2667,0.5891,11782897,88030103.0,14960000000.0,14960000000.0
2016-11-25,'600006,东风汽车,7.5,7.59,7.34,7.57,7.57,-0.07,-0.9247,0.7451,14901253,111285086.0,15000000000.0,15000000000.0
2016-11-24,'600006,东风汽车,7.57,7.6,7.54,7.56,7.55,0.02,0.2649,0.6905,13809327,104518758.0,15140000000.0,15140000000.0
2016-11-23,'600006,东风汽车,7.55,7.64,7.53,7.55,7.55,0.0,0.0,0.8605,17209529,130406016.0,15100000000.0,15100000000.0
2016-11-22,'600006,东风汽车,7.55,7.57,7.5,7.54,7.55,0.0,0.0,0.6408,12815025,96590424.0,15100000000.0,15100000000.0
2016-11-21,'600006,东风汽车,7.55,7.58,7.48,7.5,7.52,0.03,0.3989,0.4975,9950623,75015162.0,15100000000.0,15100000000.0
2016-11-18,'600006,东风汽车,7.52,7.55,7.51,7.55,7.55,-0.03,-0.3974,0.4586,9171472,68979039.0,15040000000.0,15040000000.0
2016-11-17,'600006,东风汽车,7.55,7.6,7.5,7.57,7.58,-0.03,-0.3958,0.5085,10169247,76622262.0,15100000000.0,15100000000.0
2016-11-16,'600006,东风汽车,7.58,7.62,7.55,7.61,7.6,-0.02,-0.2632,0.5369,10738341,81377479.0,15160000000.0,15160000000.0
2016-11-15,'600006,东风汽车,7.6,7.6,7.51,7.53,7.53,0.07,0.9296,0.8915,17830698,134959099.0,15200000000.0,15200000000.0
2016-11-14,'600006,东风汽车,7.53,7.56,7.46,7.51,7.49,0.04,0.534,0.9661,19322835,145233295.0,15060000000.0,15060000000.0
2016-11-11,'600006,东风汽车,7.49,7.51,7.4,7.45,7.46,0.03,0.4021,0.8642,17284831,129167366.0,14980000000.0,14980000000.0
2016-11-10,'600006,东风汽车,7.46,7.47,7.38,7.41,7.4,0.06,0.8108,1.1237,22473905,166847975.0,14920000000.0,14920000000.0
2016-11-09,'600006,东风汽车,7.4,7.52,7.31,7.5,7.57,-0.17,-2.2457,1.8212,36424510,269247017.0,14800000000.0,14800000000.0
2016-11-08,'600006,东风汽车,7.57,7.73,7.5,7.51,7.5,0.07,0.9333,1.0007,20014532,151923251.0,15140000000.0,15140000000.0
2016-11-07,'600006,东风汽车,7.5,7.57,7.46,7.55,7.54,-0.04,-0.5305,0.5862,11724475,87867763.0,15000000000.0,15000000000.0
2016-11-04,'600006,东风汽车,7.54,7.63,7.51,7.55,7.55,-0.01,-0.1325,0.5458,10916133,82497478.0,15080000000.0,15080000000.0
2016-11-03,'600006,东风汽车,7.55,7.59,7.5,7.53,7.53,0.02,0.2656,0.5277,10553152,79692362.0,15100000000.0,15100000000.0
2016-11-02,'600006,东风汽车,7.53,7.63,7.52,7.63,7.63,-0.1,-1.3106,0.5655,11310934,85429870.0,15060000000.0,15060000000.0
2016-11-01,'600006,东风汽车,7.63,7.65,7.54,7.63,7.62,0.01,0.1312,0.5338,10675591,81203489.0,15260000000.0,15260000000.0
2016-10-31,'600006,东风汽车,7.62,7.77,7.5,7.77,7.78,-0.16,-2.0566,0.8863,17725953,134560267.0,15240000000.0,15240000000.0
2016-10-28,'600006,东风汽车,7.78,7.85,7.75,7.78,7.8,-0.02,-0.2564,0.3858,7716400,60123581.0,15560000000.0,15560000000.0
2016-10-27,'600006,东风汽车,7.8,7.85,7.76,7.8,7.78,0.02,0.2571,0.3646,7291770,56871463.0,15600000000.0,15600000000.0
2016-10-26,'600006,东风汽车,7.78,7.88,7.76,7.85,7.88,-0.1,-1.269,0.5793,11586380,90340610.0,15560000000.0,15560000000.0
2016-10-25,'600006,东风汽车,7.88,8.0,7.78,7.81,7.81,0.07,0.8963,0.8556,17112146,135204507.0,15760000000.0,15760000000.0
2016-10-24,'600006,东风汽车,7.81,7.83,7.68,7.76,7.76,0.05,0.6443,0.6248,12495386,97189725.0,15620000000.0,15620000000.0
2016-10-21,'600006,东风汽车,7.76,7.87,7.68,7.82,7.85,-0.09,-1.1465,0.578,11559328,89774840.0,15520000000.0,15520000000.0
2016-10-20,'600006,东风汽车,7.85,7.94,7.83,7.84,7.88,-0.03,-0.3807,0.5119,10237825,80509942.0,15700000000.0,15700000000.0
2016-10-19,'600006,东风汽车,7.88,7.97,7.84,7.97,8.0,-0.12,-1.5,1.078,21560266,170158400.0,15760000000.0,15760000000.0
2016-10-18,'600006,东风汽车,8.0,8.25,7.6,7.6,7.62,0.38,4.9869,1.9947,39894388,317677148.0,16000000000.0,16000000000.0
2016-10-17,'600006,东风汽车,7.62,7.77,7.57,7.71,7.74,-0.12,-1.5504,0.545,10900325,83806659.0,15240000000.0,15240000000.0
2016-10-14,'600006,东风汽车,7.74,7.77,7.63,7.7,7.73,0.01,0.1294,0.482,9640255,74102549.0,15480000000.0,15480000000.0
2016-10-13,'600006,东风汽车,7.73,7.8,7.66,7.8,7.8,-0.07,-0.8974,0.4979,9958390,76986364.0,15460000000.0,15460000000.0
2016-10-12,'600006,东风汽车,7.8,7.82,7.77,7.81,7.86,-0.06,-0.7634,0.3225,6450314,50236236.0,15600000000.0,15600000000.0
2016-10-11,'600006,东风汽车,7.86,7.88,7.78,7.85,7.86,0.0,0.0,0.5396,10791689,84529958.0,15720000000.0,15720000000.0
2016-10-10,'600006,东风汽车,7.86,7.88,7.6,7.65,7.59,0.27,3.5573,0.9094,18187527,141261696.0,15720000000.0,15720000000.0
2016-09-30,'600006,东风汽车,7.59,7.63,7.51,7.55,7.57,0.02,0.2642,0.2829,5658595,42906261.0,15180000000.0,15180000000.0
2016-09-29,'600006,东风汽车,7.57,7.68,7.53,7.58,7.55,0.02,0.2649,0.5365,10730422,81626502.0,15140000000.0,15140000000.0
2016-09-28,'600006,东风汽车,7.55,7.61,7.5,7.61,7.59,-0.04,-0.527,0.3449,6898444,52074948.0,15100000000.0,15100000000.0
2016-09-27,'600006,东风汽车,7.59,7.64,7.43,7.56,7.56,0.03,0.3968,0.768,15360358,115413413.0,15180000000.0,15180000000.0
2016-09-26,'600006,东风汽车,7.56,7.76,7.54,7.75,7.79,-0.23,-2.9525,0.793,15859496,120966389.0,15120000000.0,15120000000.0
2016-09-23,'600006,东风汽车,7.79,7.9,7.75,7.9,7.89,-0.1,-1.2674,0.6148,12296697,95892085.0,15580000000.0,15580000000.0
2016-09-22,'600006,东风汽车,7.89,7.95,7.8,7.92,7.87,0.02,0.2541,0.6292,12583705,99144224.0,15780000000.0,15780000000.0
2016-09-21,'600006,东风汽车,7.87,7.93,7.8,7.83,7.84,0.03,0.3827,0.3716,7432153,58489145.0,15740000000.0,15740000000.0
2016-09-20,'600006,东风汽车,7.84,7.93,7.8,7.91,7.9,-0.06,-0.7595,0.4168,8335057,65424539.0,15680000000.0,15680000000.0
2016-09-19,'600006,东风汽车,7.9,7.93,7.83,7.86,7.86,0.04,0.5089,0.4751,9501082,74890502.0,15800000000.0,15800000000.0
2016-09-14,'600006,东风汽车,7.86,7.9,7.75,7.9,7.91,-0.05,-0.6321,0.951,19020611,148484721.0,15720000000.0,15720000000.0
2016-09-13,'600006,东风汽车,7.91,8.06,7.8,7.98,7.94,-0.03,-0.3778,1.0834,21667657,171127921.0,15820000000.0,15820000000.0
2016-09-12,'600006,东风汽车,7.94,8.22,7.89,8.11,8.44,-0.5,-5.9242,2.5572,51143995,409653240.0,15880000000.0,15880000000.0
2016-09-09,'600006,东风汽车,8.44,8.9,8.41,8.57,8.44,0.0,0.0,3.4132,68264487,591613378.0,16880000000.0,16880000000.0
2016-09-08,'600006,东风汽车,8.44,8.51,8.13,8.24,8.24,0.2,2.4272,1.9066,38131444,319026629.0,16880000000.0,16880000000.0
2016-09-07,'600006,东风汽车,8.24,8.6,8.22,8.38,8.22,0.02,0.2433,2.1604,43207786,363790982.0,16480000000.0,16480000000.0
2016-09-06,'600006,东风汽车,8.22,8.3,7.78,7.8,7.8,0.42,5.3846,1.9224,38447970,310887566.0,16440000000.0,16440000000.0
2016-09-05,'600006,东风汽车,7.8,7.86,7.71,7.73,7.78,0.02,0.2571,0.5688,11375052,88728750.0,15600000000.0,15600000000.0
2016-09-02,'600006,东风汽车,7.78,8.03,7.69,8.0,7.98,-0.2,-2.5063,1.2011,24022215,187913533.0,15560000000.0,15560000000.0
2016-09-01,'600006,东风汽车,7.98,8.12,7.96,8.07,8.08,-0.1,-1.2376,0.6528,13056129,104987292.0,15960000000.0,15960000000.0
2016-08-31,'600006,东风汽车,8.08,8.15,8.03,8.15,8.12,-0.04,-0.4926,0.4845,9690016,78239029.0,16160000000.0,16160000000.0
2016-08-30,'600006,东风汽车,8.12,8.15,8.04,8.05,8.1,0.02,0.2469,0.5467,10933481,88624791.0,16240000000.0,16240000000.0
2016-08-29,'600006,东风汽车,8.1,8.16,8.02,8.1,8.1,0.0,0.0,0.5395,10789480,87376641.0,16200000000.0,16200000000.0
2016-08-26,'600006,东风汽车,8.1,8.29,8.08,8.15,8.15,-0.05,-0.6135,0.8544,17087768,139930145.0,16200000000.0,16200000000.0
2016-08-25,'600006,东风汽车,8.15,8.17,8.02,8.14,8.11,0.04,0.4932,0.7438,14875079,120521541.0,16300000000.0,16300000000.0
2016-08-24,'600006,东风汽车,8.11,8.19,8.05,8.17,8.14,-0.03,-0.3686,0.714,14279089,115953945.0,16220000000.0,16220000000.0
2016-08-23,'600006,东风汽车,8.14,8.27,8.09,8.22,8.18,-0.04,-0.489,0.6954,13908765,113556331.0,16280000000.0,16280000000.0
2016-08-22,'600006,东风汽车,8.18,8.5,8.17,8.41,8.41,-0.23,-2.7348,1.0187,20374309,169698727.0,16360000000.0,16360000000.0
2016-08-19,'600006,东风汽车,8.41,8.51,8.33,8.42,8.41,0.0,0.0,0.8671,17341297,145915724.0,16820000000.0,16820000000.0
2016-08-18,'600006,东风汽车,8.41,8.63,8.38,8.52,8.57,-0.16,-1.867,1.6121,32242513,272542757.0,16820000000.0,16820000000.0
2016-08-17,'600006,东风汽车,8.57,8.78,8.32,8.35,8.34,0.23,2.7578,2.6802,53603107,461289754.0,17140000000.0,17140000000.0
2016-08-16,'600006,东风汽车,8.34,8.38,8.18,8.26,8.27,0.07,0.8464,1.6358,32715020,271540311.0,16680000000.0,16680000000.0
2016-08-15,'600006,东风汽车,8.27,8.32,8.1,8.23,8.22,0.05,0.6083,1.8116,36231439,297965315.0,16540000000.0,16540000000.0
2016-08-12,'600006,东风汽车,8.22,8.33,8.05,8.05,7.96,0.26,3.2663,2.5638,51275434,420895627.0,16440000000.0,16440000000.0
2016-08-11,'600006,东风汽车,7.96,8.04,7.87,7.89,7.91,0.05,0.6321,1.3685,27370293,218184801.0,15920000000.0,15920000000.0
2016-08-10,'600006,东风汽车,7.91,8.01,7.89,7.99,7.96,-0.05,-0.6281,0.7324,14647401,116167225.0,15820000000.0,15820000000.0
2016-08-09,'600006,东风汽车,7.96,8.07,7.89,7.95,7.95,0.01,0.1258,0.9574,19147595,152500891.0,15920000000.0,15920000000.0
2016-08-08,'600006,东风汽车,7.95,7.97,7.73,7.91,7.95,0.0,0.0,0.7962,15923864,125498064.0,15900000000.0,15900000000.0
2016-08-05,'600006,东风汽车,7.95,8.13,7.92,8.04,8.04,-0.09,-1.1194,1.3762,27523373,221376394.0,15900000000.0,15900000000.0
2016-08-04,'600006,东风汽车,8.04,8.06,7.8,7.9,7.89,0.15,1.9011,1.7236,34471955,274817518.0,16080000000.0,16080000000.0
2016-08-03,'600006,东风汽车,7.89,7.94,7.71,7.77,7.7,0.19,2.4675,1.1933,23865821,187396519.0,15780000000.0,15780000000.0
2016-08-02,'600006,东风汽车,7.7,7.76,7.61,7.64,7.64,0.06,0.7853,0.5599,11197160,86167154.0,15400000000.0,15400000000.0
2016-08-01,'600006,东风汽车,7.64,7.71,7.49,7.71,7.8,-0.16,-2.0513,1.0888,21776097,165438859.0,15280000000.0,15280000000.0
2016-07-29,'600006,东风汽车,7.8,8.04,7.74,7.93,7.93,-0.13,-1.6393,1.2183,24366434,191912279.0,15600000000.0,15600000000.0
2016-07-28,'600006,东风汽车,7.93,8.09,7.54,7.69,7.66,0.27,3.5248,2.1202,42404436,333964615.0,15860000000.0,15860000000.0
2016-07-27,'600006,东风汽车,7.66,8.12,7.4,7.97,8.01,-0.35,-4.3695,1.7928,35856278,280169466.0,15320000000.0,15320000000.0
2016-07-26,'600006,东风汽车,8.01,8.03,7.88,7.9,7.91,0.1,1.2642,1.0776,21551504,172046627.0,16020000000.0,16020000000.0
2016-07-25,'600006,东风汽车,7.91,8.24,7.82,8.24,8.24,-0.33,-4.0049,2.6629,53257956,426423183.0,15820000000.0,15820000000.0
2016-07-22,'600006,东风汽车,8.24,8.56,8.04,8.55,8.53,-0.29,-3.3998,2.9831,59662088,492139018.0,16480000000.0,16480000000.0
2016-07-21,'600006,东风汽车,8.53,8.57,8.35,8.48,8.48,0.05,0.5896,1.5568,31135486,263962346.0,17060000000.0,17060000000.0
2016-07-20,'600006,东风汽车,8.48,8.66,8.46,8.59,8.63,-0.15,-1.7381,1.3633,27266061,233232151.0,16960000000.0,16960000000.0
2016-07-19,'600006,东风汽车,8.63,8.72,8.53,8.62,8.67,-0.04,-0.4614,1.0996,21992640,189358176.0,17260000000.0,17260000000.0
2016-07-18,'600006,东风汽车,8.67,8.75,8.45,8.6,8.57,0.1,1.1669,1.6345,32689599,281868163.0,17340000000.0,17340000000.0
2016-07-15,'600006,东风汽车,8.57,8.73,8.51,8.69,8.69,-0.12,-1.3809,1.3533,27066671,231983170.0,17140000000.0,17140000000.0
2016-07-14,'600006,东风汽车,8.69,8.82,8.59,8.73,8.75,-0.06,-0.6857,1.5899,31798955,275558628.0,17380000000.0,17380000000.0
2016-07-13,'600006,东风汽车,8.75,8.88,8.65,8.8,8.82,-0.07,-0.7937,1.9047,38094996,333288307.0,17500000000.0,17500000000.0
2016-07-12,'600006,东风汽车,8.82,8.93,8.45,8.89,8.85,-0.03,-0.339,3.0867,61733873,536917444.0,17640000000.0,17640000000.0
2016-07-11,'600006,东风汽车,8.85,9.24,8.8,8.98,9.02,-0.17,-1.8847,2.7474,54948351,493127282.0,17700000000.0,17700000000.0
2016-07-08,'600006,东风汽车,9.02,9.23,8.8,9.01,9.2,-0.18,-1.9565,2.4816,49631312,446964603.0,18040000000.0,18040000000.0
2016-07-07,'600006,东风汽车,9.2,9.82,9.16,9.42,9.15,0.05,0.5464,4.716,94320218,894207947.0,18400000000.0,18400000000.0
2016-07-06,'600006,东风汽车,9.15,9.29,8.81,8.9,8.99,0.16,1.7798,4.1908,83815120,763241480.0,18300000000.0,18300000000.0
2016-07-05,'600006,东风汽车,8.99,9.0,8.4,8.55,8.59,0.4,4.6566,3.5363,70725691,613568956.0,17980000000.0,17980000000.0
2016-07-04,'600006,东风汽车,8.59,8.74,8.4,8.4,8.57,0.02,0.2334,1.9559,39117175,335645434.0,17180000000.0,17180000000.0
2016-07-01,'600006,东风汽车,8.57,8.92,8.55,8.84,8.87,-0.3,-3.3822,1.743,34860415,302691311.0,17140000000.0,17140000000.0
2016-06-30,'600006,XD东风汽,8.87,9.03,8.76,9.0,8.95,-0.08,-0.8939,1.4235,28469782,252214546.0,17740000000.0,17740000000.0
2016-06-29,'600006,东风汽车,9.0,9.04,8.81,8.98,9.07,-0.07,-0.7718,1.8646,37292221,333014114.0,18000000000.0,18000000000.0
2016-06-28,'600006,东风汽车,9.07,9.29,8.62,8.86,8.95,0.12,1.3408,3.9683,79366533,711588394.0,18140000000.0,18140000000.0
2016-06-27,'600006,东风汽车,8.95,9.2,8.51,8.51,8.64,0.31,3.588,3.1182,62364280,560676977.0,17900000000.0,17900000000.0
2016-06-24,'600006,东风汽车,8.64,9.04,8.31,8.93,8.89,-0.25,-2.8121,3.1746,63492795,549389722.0,17280000000.0,17280000000.0
2016-06-23,'600006,东风汽车,8.89,9.32,8.8,8.88,8.88,0.01,0.1126,5.3169,106337379,963865690.0,17780000000.0,17780000000.0
2016-06-22,'600006,东风汽车,8.88,8.88,8.01,8.02,8.07,0.81,10.0372,4.9191,98381103,841021839.0,17760000000.0,17760000000.0
2016-06-21,'600006,东风汽车,8.07,8.42,7.96,8.39,8.31,-0.24,-2.8881,2.8178,56355354,462786031.0,16140000000.0,16140000000.0
2016-06-20,'600006,东风汽车,8.31,8.4,8.09,8.22,8.27,0.04,0.4837,2.6325,52649474,433032010.0,16620000000.0,16620000000.0
2016-06-17,'600006,东风汽车,8.27,8.66,8.21,8.5,8.56,-0.29,-3.3879,3.7961,75921436,638218549.0,16540000000.0,16540000000.0
2016-06-16,'600006,东风汽车,8.56,8.99,8.24,8.4,8.23,0.33,4.0097,6.3098,126195305,1086086208.0,17120000000.0,17120000000.0
2016-06-15,'600006,东风汽车,8.23,8.72,7.79,7.9,8.09,0.14,1.7305,6.0895,121790352,1011311522.0,16460000000.0,16460000000.0
2016-06-14,'600006,东风汽车,8.09,8.13,7.58,7.95,7.91,0.18,2.2756,6.174,123480066,970316717.0,16180000000.0,16180000000.0
2016-06-13,'600006,东风汽车,7.91,7.91,7.03,7.1,7.19,0.72,10.0139,7.751,155020481,1199570966.0,15820000000.0,15820000000.0
2016-06-08,'600006,东风汽车,7.19,7.36,6.62,6.63,6.69,0.5,7.4738,5.4258,108516197,767597496.0,14380000000.0,14380000000.0
2016-06-07,'600006,东风汽车,6.69,6.7,6.28,6.35,6.38,0.31,4.8589,3.2376,64751228,422654976.0,13380000000.0,13380000000.0
2016-06-06,'600006,东风汽车,6.38,6.5,6.32,6.36,6.37,0.01,0.157,1.1486,22971152,146731328.0,12760000000.0,12760000000.0
2016-06-03,'600006,东风汽车,6.37,6.44,6.33,6.4,6.41,-0.04,-0.624,1.1546,23092056,146996416.0,12740000000.0,12740000000.0
2016-06-02,'600006,东风汽车,6.41,6.53,6.35,6.4,6.38,0.03,0.4702,1.4924,29848474,191836836.0,12820000000.0,12820000000.0
2016-06-01,'600006,东风汽车,6.38,6.43,6.29,6.33,6.32,0.06,0.9494,1.6029,32057368,204479489.0,12760000000.0,12760000000.0
2016-05-31,'600006,东风汽车,6.32,6.34,6.07,6.07,6.09,0.23,3.7767,1.4682,29364859,183231035.0,12640000000.0,12640000000.0
2016-05-30,'600006,东风汽车,6.09,6.22,6.01,6.2,6.23,-0.14,-2.2472,0.9522,19043016,116507231.0,12180000000.0,12180000000.0
2016-05-27,'600006,东风汽车,6.23,6.38,6.15,6.26,6.26,-0.03,-0.4792,0.9854,19708609,123223706.0,12460000000.0,12460000000.0
2016-05-26,'600006,东风汽车,6.26,6.34,6.07,6.25,6.25,0.01,0.16,0.9607,19213506,119028239.0,12520000000.0,12520000000.0
2016-05-25,'600006,东风汽车,6.25,6.47,6.23,6.38,6.38,-0.13,-2.0376,1.3321,26642906,169073680.0,12500000000.0,12500000000.0
2016-05-24,'600006,东风汽车,6.38,6.7,6.23,6.38,6.42,-0.04,-0.6231,2.6654,53308845,343637682.0,12760000000.0,12760000000.0
2016-05-23,'600006,东风汽车,6.42,6.45,6.03,6.1,6.01,0.41,6.822,1.7778,35555544,221594070.0,12840000000.0,12840000000.0
2016-05-20,'600006,东风汽车,6.01,6.02,5.89,5.97,5.99,0.02,0.3339,0.5615,11229464,67055230.0,12020000000.0,12020000000.0
2016-05-19,'600006,东风汽车,5.99,6.1,5.96,6.01,6.01,-0.02,-0.3328,0.6104,12207669,73719860.0,11980000000.0,11980000000.0
2016-05-18,'600006,东风汽车,6.01,6.24,5.91,6.21,6.29,-0.28,-4.4515,1.1493,22985555,139463555.0,12020000000.0,12020000000.0
2016-05-17,'600006,东风汽车,6.29,6.46,6.29,6.45,6.45,-0.16,-2.4806,1.1955,23910833,152297129.0,12580000000.0,12580000000.0
2016-05-16,'600006,东风汽车,6.45,6.46,6.25,6.34,6.33,0.12,1.8957,1.5487,30974947,196663796.0,12900000000.0,12900000000.0
2016-05-13,'600006,东风汽车,6.33,6.49,6.12,6.16,6.23,0.1,1.6051,1.522,30439826,193238769.0,12660000000.0,12660000000.0
2016-05-12,'600006,东风汽车,6.23,6.33,5.85,6.04,6.08,0.15,2.4671,1.511,30219983,185367355.0,12460000000.0,12460000000.0
2016-05-11,'600006,东风汽车,6.08,6.16,5.86,5.91,5.87,0.21,3.5775,1.4138,28275452,171551788.0,12160000000.0,12160000000.0
2016-05-10,'600006,东风汽车,5.87,5.95,5.8,5.82,5.83,0.04,0.6861,0.5607,11214253,65828092.0,11740000000.0,11740000000.0
2016-05-09,'600006,东风汽车,5.83,6.08,5.8,6.08,6.1,-0.27,-4.4262,0.966,19320402,114270355.0,11660000000.0,11660000000.0
2016-05-06,'600006,东风汽车,6.1,6.43,6.08,6.39,6.37,-0.27,-4.2386,1.189,23779359,148637773.0,12200000000.0,12200000000.0
2016-05-05,'600006,东风汽车,6.37,6.42,6.32,6.41,6.41,-0.04,-0.624,0.6818,13636065,86767890.0,12740000000.0,12740000000.0
2016-05-04,'600006,东风汽车,6.41,6.47,6.39,6.44,6.47,-0.06,-0.9274,0.8278,16556395,106365824.0,12820000000.0,12820000000.0
2016-05-03,'600006,东风汽车,6.47,6.48,6.25,6.37,6.35,0.12,1.8898,1.0304,20607750,132018602.0,12940000000.0,12940000000.0
2016-04-29,'600006,东风汽车,6.35,6.46,6.28,6.3,6.38,-0.03,-0.4702,0.6776,13552796,86442263.0,12700000000.0,12700000000.0
2016-04-28,'600006,东风汽车,6.38,6.58,6.25,6.5,6.5,-0.12,-1.8462,1.0386,20771449,132620371.0,12760000000.0,12760000000.0
2016-04-27,'600006,东风汽车,6.5,6.72,6.48,6.72,6.68,-0.18,-2.6946,1.4756,29512224,193302305.0,13000000000.0,13000000000.0
2016-04-26,'600006,东风汽车,6.68,6.78,6.45,6.5,6.6,0.08,1.2121,1.5969,31938352,212964217.0,13360000000.0,13360000000.0
2016-04-25,'600006,东风汽车,6.6,6.83,6.59,6.83,6.21,0.39,6.2802,3.389,67779553,455420923.0,13200000000.0,13200000000.0
2016-04-22,'600006,东风汽车,0.0,0.0,0.0,0.0,6.21,None,None,0.0,0,0.0,12420000000.0,12420000000.0
2016-04-21,'600006,东风汽车,0.0,0.0,0.0,0.0,6.21,None,None,0.0,0,0.0,12420000000.0,12420000000.0
2016-04-20,'600006,东风汽车,0.0,0.0,0.0,0.0,6.21,None,None,0.0,0,0.0,12420000000.0,12420000000.0
2016-04-19,'600006,东风汽车,0.0,0.0,0.0,0.0,6.21,None,None,0.0,0,0.0,12420000000.0,12420000000.0
2016-04-18,'600006,东风汽车,0.0,0.0,0.0,0.0,6.21,None,None,0.0,0,0.0,12420000000.0,12420000000.0
2016-04-15,'600006,东风汽车,0.0,0.0,0.0,0.0,6.21,None,None,0.0,0,0.0,12420000000.0,12420000000.0
2016-04-14,'600006,东风汽车,0.0,0.0,0.0,0.0,6.21,None,None,0.0,0,0.0,12420000000.0,12420000000.0
2016-04-13,'600006,东风汽车,0.0,0.0,0.0,0.0,6.21,None,None,0.0,0,0.0,12420000000.0,12420000000.0
2016-04-12,'600006,东风汽车,0.0,0.0,0.0,0.0,6.21,None,None,0.0,0,0.0,12420000000.0,12420000000.0
2016-04-11,'600006,东风汽车,0.0,0.0,0.0,0.0,6.21,None,None,0.0,0,0.0,12420000000.0,12420000000.0
2016-04-08,'600006,东风汽车,0.0,0.0,0.0,0.0,6.21,None,None,0.0,0,0.0,12420000000.0,12420000000.0
2016-04-07,'600006,东风汽车,0.0,0.0,0.0,0.0,6.21,None,None,0.0,0,0.0,12420000000.0,12420000000.0
2016-04-06,'600006,东风汽车,0.0,0.0,0.0,0.0,6.21,None,None,0.0,0,0.0,12420000000.0,12420000000.0
2016-04-05,'600006,东风汽车,0.0,0.0,0.0,0.0,6.21,None,None,0.0,0,0.0,12420000000.0,12420000000.0
2016-04-01,'600006,东风汽车,0.0,0.0,0.0,0.0,6.21,None,None,0.0,0,0.0,12420000000.0,12420000000.0
2016-03-31,'600006,东风汽车,0.0,0.0,0.0,0.0,6.21,None,None,0.0,0,0.0,12420000000.0,12420000000.0
2016-03-30,'600006,东风汽车,0.0,0.0,0.0,0.0,6.21,None,None,0.0,0,0.0,12420000000.0,12420000000.0
2016-03-29,'600006,东风汽车,0.0,0.0,0.0,0.0,6.21,None,None,0.0,0,0.0,12420000000.0,12420000000.0
2016-03-28,'600006,东风汽车,0.0,0.0,0.0,0.0,6.21,None,None,0.0,0,0.0,12420000000.0,12420000000.0
2016-03-25,'600006,东风汽车,0.0,0.0,0.0,0.0,6.21,None,None,0.0,0,0.0,12420000000.0,12420000000.0
2016-03-24,'600006,东风汽车,0.0,0.0,0.0,0.0,6.21,None,None,0.0,0,0.0,12420000000.0,12420000000.0
2016-03-23,'600006,东风汽车,0.0,0.0,0.0,0.0,6.21,None,None,0.0,0,0.0,12420000000.0,12420000000.0
2016-03-22,'600006,东风汽车,0.0,0.0,0.0,0.0,6.21,None,None,0.0,0,0.0,12420000000.0,12420000000.0
2016-03-21,'600006,东风汽车,0.0,0.0,0.0,0.0,6.21,None,None,0.0,0,0.0,12420000000.0,12420000000.0
2016-03-18,'600006,东风汽车,0.0,0.0,0.0,0.0,6.21,None,None,0.0,0,0.0,12420000000.0,12420000000.0
2016-03-17,'600006,东风汽车,0.0,0.0,0.0,0.0,6.21,None,None,0.0,0,0.0,12420000000.0,12420000000.0
2016-03-16,'600006,东风汽车,0.0,0.0,0.0,0.0,6.21,None,None,0.0,0,0.0,12420000000.0,12420000000.0
2016-03-15,'600006,东风汽车,0.0,0.0,0.0,0.0,6.21,None,None,0.0,0,0.0,12420000000.0,12420000000.0
2016-03-14,'600006,东风汽车,0.0,0.0,0.0,0.0,6.21,None,None,0.0,0,0.0,12420000000.0,12420000000.0
2016-03-11,'600006,东风汽车,0.0,0.0,0.0,0.0,6.21,None,None,0.0,0,0.0,12420000000.0,12420000000.0
2016-03-10,'600006,东风汽车,0.0,0.0,0.0,0.0,6.21,None,None,0.0,0,0.0,12420000000.0,12420000000.0
2016-03-09,'600006,东风汽车,0.0,0.0,0.0,0.0,6.21,None,None,0.0,0,0.0,12420000000.0,12420000000.0
2016-03-08,'600006,东风汽车,0.0,0.0,0.0,0.0,6.21,None,None,0.0,0,0.0,12420000000.0,12420000000.0
2016-03-07,'600006,东风汽车,0.0,0.0,0.0,0.0,6.21,None,None,0.0,0,0.0,12420000000.0,12420000000.0
2016-03-04,'600006,东风汽车,0.0,0.0,0.0,0.0,6.21,None,None,0.0,0,0.0,12420000000.0,12420000000.0
2016-03-03,'600006,东风汽车,0.0,0.0,0.0,0.0,6.21,None,None,0.0,0,0.0,12420000000.0,12420000000.0
2016-03-02,'600006,东风汽车,0.0,0.0,0.0,0.0,6.21,None,None,0.0,0,0.0,12420000000.0,12420000000.0
2016-03-01,'600006,东风汽车,0.0,0.0,0.0,0.0,6.21,None,None,0.0,0,0.0,12420000000.0,12420000000.0
2016-02-29,'600006,东风汽车,0.0,0.0,0.0,0.0,6.21,None,None,0.0,0,0.0,12420000000.0,12420000000.0
2016-02-26,'600006,东风汽车,0.0,0.0,0.0,0.0,6.21,None,None,0.0,0,0.0,12420000000.0,12420000000.0
2016-02-25,'600006,东风汽车,0.0,0.0,0.0,0.0,6.21,None,None,0.0,0,0.0,12420000000.0,12420000000.0
2016-02-24,'600006,东风汽车,0.0,0.0,0.0,0.0,6.21,None,None,0.0,0,0.0,12420000000.0,12420000000.0
2016-02-23,'600006,东风汽车,0.0,0.0,0.0,0.0,6.21,None,None,0.0,0,0.0,12420000000.0,12420000000.0
2016-02-22,'600006,东风汽车,0.0,0.0,0.0,0.0,6.21,None,None,0.0,0,0.0,12420000000.0,12420000000.0
2016-02-19,'600006,东风汽车,6.21,6.27,6.15,6.19,6.18,0.03,0.4854,0.9478,18956832,117623402.0,12420000000.0,12420000000.0
2016-02-18,'600006,东风汽车,6.18,6.29,6.14,6.23,6.19,-0.01,-0.1616,1.3361,26721084,165769816.0,12360000000.0,12360000000.0
2016-02-17,'600006,东风汽车,6.19,6.36,5.99,6.01,6.05,0.14,2.314,1.66,33199157,204961278.0,12380000000.0,12380000000.0
2016-02-16,'600006,东风汽车,6.05,6.05,5.81,5.81,5.8,0.25,4.3103,1.2617,25233154,150848950.0,12100000000.0,12100000000.0
2016-02-15,'600006,东风汽车,5.8,5.86,5.61,5.65,5.87,-0.07,-1.1925,0.6965,13929570,79936086.0,11600000000.0,11600000000.0
2016-02-05,'600006,东风汽车,5.87,5.98,5.87,5.94,5.93,-0.06,-1.0118,0.7243,14486827,85778187.0,11740000000.0,11740000000.0
2016-02-04,'600006,东风汽车,5.93,6.0,5.84,5.84,5.84,0.09,1.5411,1.1573,23145248,137170936.0,11860000000.0,11860000000.0
2016-02-03,'600006,东风汽车,5.84,5.86,5.72,5.79,5.88,-0.04,-0.6803,0.7946,15891143,92005604.0,11680000000.0,11680000000.0
2016-02-02,'600006,东风汽车,5.88,5.92,5.71,5.72,5.72,0.16,2.7972,1.0234,20468586,119658235.0,11760000000.0,11760000000.0
2016-02-01,'600006,东风汽车,5.72,5.9,5.63,5.86,5.86,-0.14,-2.3891,0.8922,17844040,103333726.0,11440000000.0,11440000000.0
2016-01-29,'600006,东风汽车,5.86,5.95,5.64,5.7,5.69,0.17,2.9877,1.2296,24591440,142929943.0,11720000000.0,11720000000.0
2016-01-28,'600006,东风汽车,5.69,6.23,5.66,6.02,6.11,-0.42,-6.874,1.466,29320544,175291300.0,11380000000.0,11380000000.0
2016-01-27,'600006,东风汽车,6.11,6.39,5.77,6.32,6.39,-0.28,-4.3818,2.1292,42584090,258534869.0,12220000000.0,12220000000.0
2016-01-26,'600006,东风汽车,6.39,6.79,6.07,6.17,6.23,0.16,2.5682,3.1601,63201062,403553865.0,12780000000.0,12780000000.0
2016-01-25,'600006,东风汽车,6.23,6.32,6.16,6.22,6.15,0.08,1.3008,0.8714,17428037,108657015.0,12460000000.0,12460000000.0
2016-01-22,'600006,东风汽车,6.15,6.19,6.01,6.16,6.07,0.08,1.318,0.8665,17330278,106134453.0,12300000000.0,12300000000.0
2016-01-21,'600006,东风汽车,6.07,6.4,6.05,6.26,6.35,-0.28,-4.4094,1.0547,21094077,131843018.0,12140000000.0,12140000000.0
2016-01-20,'600006,东风汽车,6.35,6.49,6.31,6.4,6.46,-0.11,-1.7028,1.2105,24209289,154537089.0,12700000000.0,12700000000.0
2016-01-19,'600006,东风汽车,6.46,6.5,6.13,6.19,6.2,0.26,4.1935,1.5354,30708911,195442589.0,12920000000.0,12920000000.0
2016-01-18,'600006,东风汽车,6.2,6.35,5.9,6.01,6.11,0.09,1.473,1.0568,21136858,130594262.0,12400000000.0,12400000000.0
2016-01-15,'600006,东风汽车,6.11,6.5,6.02,6.39,6.4,-0.29,-4.5313,1.1479,22957703,144125590.0,12220000000.0,12220000000.0
2016-01-14,'600006,东风汽车,6.4,6.45,6.0,6.05,6.28,0.12,1.9108,1.1806,23611245,147037849.0,12800000000.0,12800000000.0
2016-01-13,'600006,东风汽车,6.28,6.63,6.18,6.62,6.55,-0.27,-4.1221,1.0681,21361691,138073613.0,12560000000.0,12560000000.0
2016-01-12,'600006,东风汽车,6.55,6.65,6.32,6.43,6.43,0.12,1.8663,1.2481,24962432,161945947.0,13100000000.0,13100000000.0
2016-01-11,'600006,东风汽车,6.43,7.03,6.42,6.99,7.13,-0.7,-9.8177,1.7024,34047044,228980552.0,12860000000.0,12860000000.0
2016-01-08,'600006,东风汽车,7.13,7.43,6.5,7.27,7.1,0.03,0.4225,1.6819,33638660,239953191.0,14260000000.0,14260000000.0
2016-01-07,'600006,东风汽车,7.1,7.74,7.09,7.72,7.88,-0.78,-9.8985,0.496,9920300,72736274.0,14200000000.0,14200000000.0
2016-01-06,'600006,东风汽车,7.88,7.98,7.7,7.7,7.69,0.19,2.4707,1.3942,27884845,218836149.0,15760000000.0,15760000000.0
2016-01-05,'600006,东风汽车,7.69,7.99,7.38,7.51,7.98,-0.29,-3.6341,2.0161,40322281,311303160.0,15380000000.0,15380000000.0
2016-01-04,'600006,东风汽车,7.98,8.86,7.97,8.86,8.86,-0.88,-9.9323,1.6264,32527966,272992127.0,15960000000.0,15960000000.0
2015-12-31,'600006,东风汽车,8.86,9.1,8.85,8.93,9.04,-0.18,-1.9912,1.7198,34395271,308074636.0,17720000000.0,17720000000.0
2015-12-30,'600006,东风汽车,9.04,9.47,9.01,9.25,9.14,-0.1,-1.0941,3.5661,71321324,658221877.0,18080000000.0,18080000000.0
2015-12-29,'600006,东风汽车,9.14,9.15,8.65,8.69,8.73,0.41,4.6964,3.4238,68475223,617807018.0,18280000000.0,18280000000.0
2015-12-28,'600006,东风汽车,8.73,9.18,8.63,8.66,8.65,0.08,0.9249,3.2449,64898500,578587071.0,17460000000.0,17460000000.0
2015-12-25,'600006,东风汽车,8.65,8.67,8.56,8.62,8.62,0.03,0.348,0.8219,16438534,141622981.0,17300000000.0,17300000000.0
2015-12-24,'600006,东风汽车,8.62,8.79,8.52,8.79,8.78,-0.16,-1.8223,1.1677,23353618,201899204.0,17240000000.0,17240000000.0
2015-12-23,'600006,东风汽车,8.78,8.94,8.73,8.81,8.79,-0.01,-0.1138,1.8743,37485474,330640988.0,17560000000.0,17560000000.0
2015-12-22,'600006,东风汽车,8.79,8.83,8.71,8.79,8.81,-0.02,-0.227,1.2211,24421355,213981120.0,17580000000.0,17580000000.0
2015-12-21,'600006,东风汽车,8.81,8.83,8.69,8.72,8.75,0.06,0.6857,1.7113,34225956,300203503.0,17620000000.0,17620000000.0
2015-12-18,'600006,东风汽车,8.75,8.82,8.68,8.77,8.77,-0.02,-0.2281,1.3771,27541302,240613967.0,17500000000.0,17500000000.0
2015-12-17,'600006,东风汽车,8.77,8.78,8.64,8.64,8.61,0.16,1.8583,1.6473,32946467,287405851.0,17540000000.0,17540000000.0
2015-12-16,'600006,东风汽车,8.61,8.72,8.6,8.62,8.63,-0.02,-0.2317,0.9449,18898941,163618086.0,17220000000.0,17220000000.0
2015-12-15,'600006,东风汽车,8.63,8.72,8.58,8.66,8.71,-0.08,-0.9185,1.0345,20689082,179136880.0,17260000000.0,17260000000.0
2015-12-14,'600006,东风汽车,8.71,8.76,8.35,8.45,8.42,0.29,3.4442,1.3946,27892923,238834602.0,17420000000.0,17420000000.0
2015-12-11,'600006,东风汽车,8.42,8.5,8.31,8.43,8.49,-0.07,-0.8245,0.9215,18429518,154398328.0,16840000000.0,16840000000.0
2015-12-10,'600006,东风汽车,8.49,8.74,8.45,8.7,8.6,-0.11,-1.2791,1.1642,23283423,199782682.0,16980000000.0,16980000000.0
2015-12-09,'600006,东风汽车,8.6,8.77,8.29,8.46,8.46,0.14,1.6548,1.5128,30255682,258677354.0,17200000000.0,17200000000.0
2015-12-08,'600006,东风汽车,8.46,8.85,8.41,8.85,8.83,-0.37,-4.1903,1.3961,27921895,240503516.0,16920000000.0,16920000000.0
2015-12-07,'600006,东风汽车,8.83,8.89,8.77,8.85,8.87,-0.04,-0.451,1.0195,20390482,179896566.0,17660000000.0,17660000000.0
2015-12-04,'600006,东风汽车,8.87,9.04,8.8,8.88,8.94,-0.07,-0.783,1.444,28879984,256817410.0,17740000000.0,17740000000.0
2015-12-03,'600006,东风汽车,8.94,8.95,8.83,8.9,8.9,0.04,0.4494,1.427,28539397,253520397.0,17880000000.0,17880000000.0
2015-12-02,'600006,东风汽车,8.9,8.95,8.67,8.8,8.78,0.12,1.3667,1.5335,30670412,270525437.0,17800000000.0,17800000000.0
2015-12-01,'600006,东风汽车,8.78,8.86,8.64,8.84,8.84,-0.06,-0.6787,1.2687,25373442,221582836.0,17560000000.0,17560000000.0
2015-11-30,'600006,东风汽车,8.84,8.95,8.21,8.78,8.76,0.08,0.9132,1.8267,36534228,317461837.0,17680000000.0,17680000000.0
2015-11-27,'600006,东风汽车,8.76,9.42,8.59,9.41,9.41,-0.65,-6.9075,3.0039,60077302,541647312.0,17520000000.0,17520000000.0
2015-11-26,'600006,东风汽车,9.41,9.59,9.4,9.56,9.56,-0.15,-1.569,2.0057,40113498,379835470.0,18820000000.0,18820000000.0
2015-11-25,'600006,东风汽车,9.56,9.59,9.4,9.45,9.46,0.1,1.0571,1.951,39020140,370460021.0,19120000000.0,19120000000.0
2015-11-24,'600006,东风汽车,9.46,9.48,9.38,9.41,9.41,0.05,0.5313,1.3322,26644923,251107728.0,18920000000.0,18920000000.0
2015-11-23,'600006,东风汽车,9.41,9.58,9.38,9.58,9.6,-0.19,-1.9792,2.396,47919999,453707851.0,18820000000.0,18820000000.0
2015-11-20,'600006,东风汽车,9.6,9.72,9.5,9.64,9.6,0.0,0.0,2.2324,44648848,427867389.0,19200000000.0,19200000000.0
2015-11-19,'600006,东风汽车,9.6,9.6,9.4,9.44,9.43,0.17,1.8028,1.7269,34538852,328165488.0,19200000000.0,19200000000.0
2015-11-18,'600006,东风汽车,9.43,9.79,9.38,9.75,9.73,-0.3,-3.0832,2.8277,56554260,541240613.0,18860000000.0,18860000000.0
2015-11-17,'600006,东风汽车,9.73,10.19,9.65,10.03,9.96,-0.23,-2.3092,5.0093,100186434,996638154.0,19460000000.0,19460000000.0
2015-11-16,'600006,东风汽车,9.96,10.02,9.71,9.8,10.11,-0.15,-1.4837,4.4924,89848296,886964307.0,19920000000.0,19920000000.0
2015-11-13,'600006,东风汽车,10.11,10.55,9.42,9.48,9.59,0.52,5.4223,8.5826,171652833,1732595978.0,20220000000.0,20220000000.0
2015-11-12,'600006,东风汽车,9.59,9.78,9.45,9.78,9.79,-0.2,-2.0429,3.3719,67438961,647830248.0,19180000000.0,19180000000.0
2015-11-11,'600006,东风汽车,9.79,9.95,9.6,9.71,9.7,0.09,0.9278,3.364,67279072,658631208.0,19580000000.0,19580000000.0
2015-11-10,'600006,东风汽车,9.7,9.81,9.57,9.75,9.86,-0.16,-1.6227,3.4564,69127235,670703997.0,19400000000.0,19400000000.0
2015-11-09,'600006,东风汽车,9.86,10.14,9.51,9.66,9.64,0.22,2.2822,5.5425,110849449,1087372635.0,19720000000.0,19720000000.0
2015-11-06,'600006,东风汽车,9.64,9.72,9.46,9.71,9.54,0.1,1.0482,3.998,79960278,766791211.0,19280000000.0,19280000000.0
2015-11-05,'600006,东风汽车,9.54,9.86,9.35,9.46,9.3,0.24,2.5806,4.9926,99852281,956350614.0,19080000000.0,19080000000.0
2015-11-04,'600006,东风汽车,9.3,9.35,8.82,8.94,8.88,0.42,4.7297,3.1342,62684207,571500388.0,18600000000.0,18600000000.0
2015-11-03,'600006,东风汽车,8.88,9.19,8.71,9.0,9.3,-0.42,-4.5161,3.3761,67521112,601314734.0,17760000000.0,17760000000.0
2015-11-02,'600006,东风汽车,9.3,9.65,9.2,9.52,9.42,-0.12,-1.2739,2.3176,46352202,438360026.0,18600000000.0,18600000000.0
2015-10-30,'600006,东风汽车,9.42,9.65,9.27,9.65,9.74,-0.32,-3.2854,2.7792,55583473,525090700.0,18840000000.0,18840000000.0
2015-10-29,'600006,东风汽车,9.74,10.0,9.55,9.6,9.52,0.22,2.3109,3.6124,72248182,707793256.0,19480000000.0,19480000000.0
2015-10-28,'600006,东风汽车,9.52,9.94,9.47,9.68,9.67,-0.15,-1.5512,3.3305,66609497,648075729.0,19040000000.0,19040000000.0
2015-10-27,'600006,东风汽车,9.67,9.89,9.22,9.62,9.73,-0.06,-0.6166,3.3713,67426174,644189435.0,19340000000.0,19340000000.0
2015-10-26,'600006,东风汽车,9.73,10.07,9.42,9.75,9.65,0.08,0.829,4.4089,88177312,862154187.0,19460000000.0,19460000000.0
2015-10-23,'600006,东风汽车,9.65,9.8,9.41,9.66,9.65,0.0,0.0,3.767,75340164,724827917.0,19300000000.0,19300000000.0
2015-10-22,'600006,东风汽车,9.65,9.94,9.03,9.1,9.3,0.35,3.7634,4.1637,83273593,784408138.0,19300000000.0,19300000000.0
2015-10-21,'600006,东风汽车,9.3,10.49,9.3,10.4,10.33,-1.03,-9.971,4.8853,97706401,961822901.0,18600000000.0,18600000000.0
2015-10-20,'600006,东风汽车,10.33,10.46,10.06,10.35,10.51,-0.18,-1.7127,4.2647,85293878,873143595.0,20660000000.0,20660000000.0
2015-10-19,'600006,东风汽车,10.51,10.7,9.72,9.96,9.98,0.53,5.3106,6.8688,137376565,1402663210.0,21020000000.0,21020000000.0
2015-10-16,'600006,东风汽车,9.98,10.18,9.61,9.84,9.78,0.2,2.045,5.5598,111195803,1105529937.0,19960000000.0,19960000000.0
2015-10-15,'600006,东风汽车,9.78,10.1,9.35,9.4,9.5,0.28,2.9474,4.6093,92186089,900512831.0,19560000000.0,19560000000.0
2015-10-14,'600006,东风汽车,9.5,9.97,9.44,9.9,10.08,-0.58,-5.754,5.1932,103863200,1009002295.0,19000000000.0,19000000000.0
2015-10-13,'600006,东风汽车,10.08,10.1,8.93,9.1,9.18,0.9,9.8039,6.7383,134766383,1284502942.0,20160000000.0,20160000000.0
2015-10-12,'600006,东风汽车,9.18,9.29,8.7,8.73,8.7,0.48,5.5172,4.2072,84144152,761631244.0,18360000000.0,18360000000.0
2015-10-09,'600006,东风汽车,8.7,8.78,8.56,8.66,8.65,0.05,0.578,2.6863,53726448,467020406.0,17400000000.0,17400000000.0
2015-10-08,'600006,东风汽车,8.65,8.76,8.5,8.7,8.3,0.35,4.2169,2.7878,55755679,481638238.0,17300000000.0,17300000000.0
2015-09-30,'600006,东风汽车,8.3,8.63,8.23,8.54,8.21,0.09,1.0962,2.1661,43321540,363355284.0,16600000000.0,16600000000.0
2015-09-29,'600006,东风汽车,8.21,8.49,8.11,8.31,8.63,-0.42,-4.8667,2.4856,49711703,411963569.0,16420000000.0,16420000000.0
2015-09-28,'600006,东风汽车,8.63,8.68,8.1,8.5,8.42,0.21,2.4941,2.5181,50361554,428530768.0,17260000000.0,17260000000.0
2015-09-25,'600006,东风汽车,8.42,9.03,8.3,8.7,8.84,-0.42,-4.7511,3.3952,67904794,588859535.0,16840000000.0,16840000000.0
2015-09-24,'600006,东风汽车,8.84,8.93,8.53,8.62,8.54,0.3,3.5129,3.6167,72334557,630608004.0,17680000000.0,17680000000.0
2015-09-23,'600006,东风汽车,8.54,8.92,8.49,8.65,8.93,-0.39,-4.3673,3.5804,71608652,618616958.0,17080000000.0,17080000000.0
2015-09-22,'600006,东风汽车,8.93,9.25,8.69,8.79,8.75,0.18,2.0571,4.608,92160046,830159262.0,17860000000.0,17860000000.0
2015-09-21,'600006,东风汽车,8.75,8.79,8.33,8.41,8.56,0.19,2.2196,3.7159,74317440,642587081.0,17500000000.0,17500000000.0
2015-09-18,'600006,东风汽车,8.56,8.78,8.38,8.65,8.55,0.01,0.117,3.3832,67664080,578793063.0,17120000000.0,17120000000.0
2015-09-17,'600006,东风汽车,8.55,9.46,8.36,8.7,8.78,-0.23,-2.6196,6.548,130959417,1153946521.0,17100000000.0,17100000000.0
2015-09-16,'600006,东风汽车,8.78,8.88,7.81,8.02,8.07,0.71,8.798,5.5023,110046983,917718635.0,17560000000.0,17560000000.0
2015-09-15,'600006,东风汽车,8.07,8.65,8.07,8.64,8.97,-0.9,-10.0334,4.2771,85541127,707315604.0,16140000000.0,16140000000.0
2015-09-14,'600006,东风汽车,8.97,10.6,8.94,10.35,9.93,-0.96,-9.6677,7.1953,143906913,1420353614.0,17940000000.0,17940000000.0
2015-09-11,'600006,东风汽车,9.93,10.3,9.68,10.07,10.14,-0.21,-2.071,4.9387,98773334,983780807.0,19860000000.0,19860000000.0
2015-09-10,'600006,东风汽车,10.14,10.67,10.01,10.08,10.58,-0.44,-4.1588,6.0022,120043442,1241402240.0,20280000000.0,20280000000.0
2015-09-09,'600006,东风汽车,10.58,10.83,9.8,9.99,10.13,0.45,4.4423,11.1978,223955165,2313978190.0,21160000000.0,21160000000.0
2015-09-08,'600006,东风汽车,10.13,10.35,9.0,9.61,9.99,0.14,1.4014,5.7884,115768222,1101610139.0,20260000000.0,20260000000.0
2015-09-07,'600006,东风汽车,9.99,11.56,9.8,10.88,10.84,-0.85,-7.8413,7.4748,149496404,1588046217.0,19980000000.0,19980000000.0
2015-09-02,'600006,东风汽车,10.84,12.48,10.84,10.98,12.04,-1.2,-9.9668,5.4936,109872367,1233775606.0,21680000000.0,21680000000.0
2015-09-01,'600006,东风汽车,12.04,13.19,12.04,13.19,13.38,-1.34,-10.0149,4.6076,92151534,1136214992.0,24080000000.0,24080000000.0
2015-08-31,'600006,东风汽车,13.38,14.66,13.3,13.65,13.87,-0.49,-3.5328,8.7049,174097686,2437773903.0,26760000000.0,26760000000.0
2015-08-28,'600006,东风汽车,13.87,13.87,12.1,12.4,12.61,1.26,9.9921,9.1329,182657305,2405163731.0,27740000000.0,27740000000.0
2015-08-27,'600006,东风汽车,12.61,12.75,11.25,12.59,12.35,0.26,2.1053,9.0606,181211725,2210482614.0,25220000000.0,25220000000.0
2015-08-26,'600006,东风汽车,12.35,12.72,11.0,11.38,11.56,0.79,6.8339,10.4857,209713464,2541610618.0,24700000000.0,24700000000.0
2015-08-25,'600006,东风汽车,11.56,12.13,10.76,10.99,11.13,0.43,3.8634,8.9228,178455561,2049632282.0,23120000000.0,23120000000.0
2015-08-24,'600006,东风汽车,11.13,12.73,11.12,11.7,12.36,-1.23,-9.9515,7.8402,156803432,1840867806.0,22260000000.0,22260000000.0
2015-08-21,'600006,东风汽车,12.36,13.9,12.36,13.0,13.73,-1.37,-9.9782,5.3216,106432853,1382564030.0,24720000000.0,24720000000.0
2015-08-20,'600006,东风汽车,13.73,15.4,13.55,15.0,15.04,-1.31,-8.7101,9.8878,197756012,2868012418.0,27460000000.0,27460000000.0
2015-08-19,'600006,东风汽车,15.04,15.04,12.67,13.13,13.67,1.37,10.0219,9.8163,196325585,2763716372.0,30080000000.0,30080000000.0
2015-08-18,'600006,东风汽车,13.67,16.35,13.67,15.99,15.19,-1.52,-10.0066,8.8777,177553940,2590668795.0,27340000000.0,27340000000.0
2015-08-17,'600006,东风汽车,15.19,15.19,13.6,13.99,13.81,1.38,9.9928,6.1074,122147064,1768984256.0,30380000000.0,30380000000.0
2015-08-14,'600006,东风汽车,13.81,13.81,12.16,12.67,12.55,1.26,10.0398,8.1497,162993556,2122890751.0,27620000000.0,27620000000.0
2015-08-13,'600006,东风汽车,12.55,12.55,11.06,11.19,11.41,1.14,9.9912,6.9325,138649327,1640307405.0,25100000000.0,25100000000.0
2015-08-12,'600006,东风汽车,11.41,11.68,10.75,10.89,11.24,0.17,1.5125,7.9374,158748891,1798254122.0,22820000000.0,22820000000.0
2015-08-11,'600006,东风汽车,11.24,11.24,11.0,11.24,10.22,1.02,9.9804,6.3406,126811091,1424252700.0,22480000000.0,22480000000.0
2015-08-10,'600006,东风汽车,10.22,10.22,10.22,10.22,9.29,0.93,10.0108,0.9042,18084939,184828077.0,20440000000.0,20440000000.0
2015-08-07,'600006,东风汽车,9.29,9.38,9.0,9.15,9.04,0.25,2.7655,2.0443,40886161,376289898.0,18580000000.0,18580000000.0
2015-08-06,'600006,东风汽车,9.04,9.54,8.56,8.66,8.82,0.22,2.4943,2.5357,50713889,464587571.0,18080000000.0,18080000000.0
2015-08-05,'600006,东风汽车,8.82,9.19,8.7,9.1,9.09,-0.27,-2.9703,1.6418,32835995,294634595.0,17640000000.0,17640000000.0
2015-08-04,'600006,东风汽车,9.09,9.15,8.51,8.6,8.49,0.6,7.0671,1.6925,33849866,299544534.0,18180000000.0,18180000000.0
2015-08-03,'600006,东风汽车,8.49,9.17,8.3,9.0,9.21,-0.72,-7.8176,1.8554,37107476,321103059.0,16980000000.0,16980000000.0
2015-07-31,'600006,东风汽车,9.21,9.39,8.96,9.0,9.15,0.06,0.6557,1.7747,35493741,324181498.0,18420000000.0,18420000000.0
2015-07-30,'600006,东风汽车,9.15,9.87,9.0,9.6,9.65,-0.5,-5.1813,2.5513,51026727,488368094.0,18300000000.0,18300000000.0
2015-07-29,'600006,东风汽车,9.65,9.8,8.68,9.15,8.99,0.66,7.3415,2.6191,52381383,478220956.0,19300000000.0,19300000000.0
2015-07-28,'600006,东风汽车,8.99,9.19,8.0,8.51,8.85,0.14,1.5819,3.5676,71352978,614643178.0,17980000000.0,17980000000.0
2015-07-27,'600006,东风汽车,8.85,10.17,8.85,9.58,9.83,-0.98,-9.9695,3.0857,61713918,592851903.0,17700000000.0,17700000000.0
2015-07-24,'600006,XD东风汽,9.83,10.5,9.55,10.18,10.33,-0.5,-4.8403,3.4197,68394753,694532705.0,19660000000.0,19660000000.0
2015-07-23,'600006,东风汽车,10.35,10.66,9.97,10.14,10.26,0.09,0.8772,4.466,89320165,920554777.0,20700000000.0,20700000000.0
2015-07-22,'600006,东风汽车,10.26,10.26,9.13,9.3,9.33,0.93,9.9678,4.7497,94993327,924957127.0,20520000000.0,20520000000.0
2015-07-21,'600006,东风汽车,9.33,9.63,9.05,9.13,9.45,-0.12,-1.2698,2.8677,57354104,539179998.0,18660000000.0,18660000000.0
2015-07-20,'600006,东风汽车,9.45,9.71,8.8,9.09,8.99,0.46,5.1168,3.394,67879836,625187105.0,18900000000.0,18900000000.0
2015-07-17,'600006,东风汽车,8.99,9.07,8.41,8.48,8.4,0.59,7.0238,2.2957,45914085,403568580.0,17980000000.0,17980000000.0
2015-07-16,'600006,东风汽车,8.4,8.72,7.65,8.21,8.21,0.19,2.3143,2.2396,44792910,373250641.0,16800000000.0,16800000000.0
2015-07-15,'600006,东风汽车,8.21,9.0,8.21,8.9,9.12,-0.91,-9.9781,2.7206,54411571,464520070.0,16420000000.0,16420000000.0
2015-07-14,'600006,东风汽车,9.12,9.81,8.98,9.34,9.33,-0.21,-2.2508,4.3375,86750539,812700451.0,18240000000.0,18240000000.0
2015-07-13,'600006,东风汽车,9.33,9.33,8.5,8.9,8.48,0.85,10.0236,4.3619,87238636,796001863.0,18660000000.0,18660000000.0
2015-07-10,'600006,东风汽车,8.48,8.48,7.99,8.2,7.71,0.77,9.987,2.5422,50844332,428035496.0,16960000000.0,16960000000.0
2015-07-09,'600006,东风汽车,7.71,7.71,6.58,6.58,7.01,0.7,9.9857,2.9919,59838676,444689603.0,15420000000.0,15420000000.0
2015-07-08,'600006,东风汽车,7.01,7.78,7.01,7.01,7.79,-0.78,-10.0128,11.0014,220027497,1578608052.0,14020000000.0,14020000000.0
2015-07-07,'600006,东风汽车,7.79,8.04,7.79,8.0,8.66,-0.87,-10.0462,2.1796,43591282,340565176.0,15580000000.0,15580000000.0
2015-07-06,'600006,东风汽车,8.66,10.5,8.66,10.5,9.62,-0.96,-9.9792,6.0238,120475010,1110650941.0,17320000000.0,17320000000.0
2015-07-03,'600006,东风汽车,9.62,10.48,9.62,9.81,10.69,-1.07,-10.0094,3.5637,71274626,696379594.0,19240000000.0,19240000000.0
2015-07-02,'600006,东风汽车,10.69,12.0,10.69,11.82,11.88,-1.19,-10.0168,5.6915,113829967,1271361383.0,21380000000.0,21380000000.0
2015-07-01,'600006,东风汽车,11.88,13.17,11.8,12.48,12.68,-0.8,-6.3091,7.776,155520888,1975177998.0,23760000000.0,23760000000.0
2015-06-30,'600006,东风汽车,12.68,12.89,10.8,11.58,11.75,0.93,7.9149,7.0843,141686168,1688064404.0,25360000000.0,25360000000.0
2015-06-29,'600006,东风汽车,11.75,12.27,10.45,11.8,11.28,0.47,4.1667,7.2801,145602847,1692231494.0,23500000000.0,23500000000.0
2015-06-26,'600006,东风汽车,11.28,12.48,11.28,11.82,12.53,-1.25,-9.9761,5.8042,116083000,1370593406.0,22560000000.0,22560000000.0
2015-06-25,'600006,东风汽车,12.53,13.45,12.11,13.29,13.37,-0.84,-6.2827,7.9956,159911975,2080887661.0,25060000000.0,25060000000.0
2015-06-24,'600006,东风汽车,13.37,13.37,12.1,12.28,12.15,1.22,10.0412,8.707,174139162,2210539007.0,26740000000.0,26740000000.0
2015-06-23,'600006,东风汽车,12.15,12.18,10.3,11.2,11.18,0.97,8.6762,4.6889,93777014,1064261250.0,24300000000.0,24300000000.0
2015-06-19,'600006,东风汽车,11.18,11.98,11.05,11.5,12.12,-0.94,-7.7558,3.6649,73297631,843338869.0,22360000000.0,22360000000.0
2015-06-18,'600006,东风汽车,12.12,13.2,12.08,12.2,12.41,-0.29,-2.3368,6.2345,124689389,1582675330.0,24240000000.0,24240000000.0
2015-06-17,'600006,东风汽车,12.41,12.49,10.95,11.87,11.95,0.46,3.8494,5.1873,103746126,1219630071.0,24820000000.0,24820000000.0
2015-06-16,'600006,东风汽车,11.95,12.66,11.8,12.5,12.88,-0.93,-7.2205,4.4705,89409179,1090697492.0,23900000000.0,23900000000.0
2015-06-15,'600006,东风汽车,12.88,13.27,12.45,12.58,12.57,0.31,2.4662,6.0889,121777669,1575035872.0,25760000000.0,25760000000.0
2015-06-12,'600006,东风汽车,12.57,12.94,11.93,12.21,12.19,0.38,3.1173,6.7211,134421820,1674853589.0,25140000000.0,25140000000.0
2015-06-11,'600006,东风汽车,12.19,12.34,11.91,12.08,12.24,-0.05,-0.4085,4.7275,94550763,1145576924.0,24380000000.0,24380000000.0
2015-06-10,'600006,东风汽车,12.24,12.48,11.83,12.2,12.51,-0.27,-2.1583,5.5459,110918779,1353488024.0,24480000000.0,24480000000.0
2015-06-09,'600006,东风汽车,12.51,12.93,11.5,12.03,12.0,0.51,4.25,10.8535,217070622,2645607656.0,25020000000.0,25020000000.0
2015-06-08,'600006,东风汽车,12.0,12.0,10.95,11.15,10.91,1.09,9.9908,9.8473,196946425,2315111088.0,24000000000.0,24000000000.0
2015-06-05,'600006,东风汽车,10.91,11.05,10.56,10.78,10.66,0.25,2.3452,4.9725,99450020,1076536117.0,21820000000.0,21820000000.0
2015-06-04,'600006,东风汽车,10.66,11.09,9.85,11.0,10.94,-0.28,-2.5594,4.1307,82614643,862388684.0,21320000000.0,21320000000.0
2015-06-03,'600006,东风汽车,10.94,11.38,10.66,10.8,10.75,0.19,1.7674,4.9402,98804765,1088748952.0,21880000000.0,21880000000.0
2015-06-02,'600006,东风汽车,10.75,10.89,10.5,10.8,10.66,0.09,0.8443,4.1701,83401590,893064198.0,21500000000.0,21500000000.0
2015-06-01,'600006,东风汽车,10.66,10.66,9.75,9.75,9.69,0.97,10.0103,4.2151,84301928,861362583.0,21320000000.0,21320000000.0
2015-05-29,'600006,东风汽车,9.69,10.16,9.28,9.83,10.04,-0.35,-3.4861,4.58,91599276,888758122.0,19380000000.0,19380000000.0
2015-05-28,'600006,东风汽车,10.04,11.23,10.04,11.05,11.16,-1.12,-10.0358,5.4275,108550311,1158952214.0,20080000000.0,20080000000.0
2015-05-27,'600006,东风汽车,11.16,11.39,10.98,11.26,11.44,-0.28,-2.4476,5.1325,102650871,1141643653.0,22320000000.0,22320000000.0
2015-05-26,'600006,东风汽车,11.44,11.97,10.9,11.61,11.55,-0.11,-0.9524,6.3588,127175641,1444949439.0,22880000000.0,22880000000.0
2015-05-25,'600006,东风汽车,11.55,11.6,10.71,10.84,10.96,0.59,5.3832,6.6726,133451461,1502697007.0,23100000000.0,23100000000.0
2015-05-22,'600006,东风汽车,10.96,11.5,10.72,10.73,10.71,0.25,2.3343,6.815,136299124,1517013821.0,21920000000.0,21920000000.0
2015-05-21,'600006,东风汽车,10.71,10.9,10.57,10.7,10.81,-0.1,-0.9251,4.2516,85031690,910048904.0,21420000000.0,21420000000.0
2015-05-20,'600006,东风汽车,10.81,11.12,10.57,10.75,10.73,0.08,0.7456,5.8374,116748690,1270237439.0,21620000000.0,21620000000.0
2015-05-19,'600006,东风汽车,10.73,10.95,10.43,10.43,10.69,0.04,0.3742,5.0975,101949095,1086897103.0,21460000000.0,21460000000.0
2015-05-18,'600006,东风汽车,10.69,11.21,10.1,10.23,10.74,-0.05,-0.4655,6.37,127400924,1370946509.0,21380000000.0,21380000000.0
2015-05-15,'600006,东风汽车,10.74,11.45,9.56,10.2,10.41,0.33,3.17,10.5909,211818048,2204178739.0,21480000000.0,21480000000.0
2015-05-14,'600006,东风汽车,0.0,0.0,0.0,0.0,10.41,None,None,0.0,0,0.0,20820000000.0,20820000000.0
2015-05-13,'600006,东风汽车,10.41,10.41,9.81,9.81,9.46,0.95,10.0423,2.8954,57907758,589977055.0,20820000000.0,20820000000.0
2015-05-12,'600006,东风汽车,9.46,9.46,8.89,8.98,8.6,0.86,10.0,7.7665,155330662,1426863271.0,18920000000.0,18920000000.0
2015-05-11,'600006,东风汽车,8.6,8.6,7.78,7.94,7.82,0.78,9.9744,3.559,71179837,594737583.0,17200000000.0,17200000000.0
2015-05-08,'600006,东风汽车,7.82,7.87,7.47,7.76,7.76,0.06,0.7732,2.8633,57265994,439969501.0,15640000000.0,15640000000.0
2015-05-07,'600006,东风汽车,7.76,8.25,7.72,8.0,8.58,-0.82,-9.5571,5.5175,110349760,873534003.0,15520000000.0,15520000000.0
2015-05-06,'600006,东风汽车,0.0,0.0,0.0,0.0,8.58,None,None,0.0,0,0.0,17160000000.0,17160000000.0
2015-05-05,'600006,东风汽车,0.0,0.0,0.0,0.0,8.58,None,None,0.0,0,0.0,17160000000.0,17160000000.0
2015-05-04,'600006,东风汽车,8.58,8.58,8.58,8.58,7.8,0.78,10.0,1.5235,30469743,261430395.0,17160000000.0,17160000000.0
2015-04-30,'600006,东风汽车,7.8,8.06,7.77,8.03,7.93,-0.13,-1.6393,2.1099,42198477,333381685.0,15600000000.0,15600000000.0
2015-04-29,'600006,东风汽车,7.93,8.07,7.59,7.7,7.71,0.22,2.8534,2.4345,48690524,381848018.0,15860000000.0,15860000000.0
2015-04-28,'600006,东风汽车,7.71,8.04,7.64,8.03,8.03,-0.32,-3.9851,3.0218,60435904,471735316.0,15420000000.0,15420000000.0
2015-04-27,'600006,东风汽车,8.03,8.12,7.85,8.0,8.02,0.01,0.1247,3.6656,73311519,587522725.0,16060000000.0,16060000000.0
2015-04-24,'600006,东风汽车,8.02,8.21,7.93,8.21,8.3,-0.28,-3.3735,4.2301,84602691,681753861.0,16040000000.0,16040000000.0
2015-04-23,'600006,东风汽车,8.3,8.47,8.04,8.18,8.12,0.18,2.2167,5.3515,107029179,882759763.0,16600000000.0,16600000000.0
2015-04-22,'600006,东风汽车,8.12,8.27,8.04,8.1,8.07,0.05,0.6196,4.4449,88897367,723041557.0,16240000000.0,16240000000.0
2015-04-21,'600006,东风汽车,8.07,8.16,7.87,7.99,8.05,0.02,0.2484,4.2304,84607848,678077051.0,16140000000.0,16140000000.0
2015-04-20,'600006,东风汽车,8.05,8.09,7.62,7.8,7.81,0.24,3.073,5.8739,117477302,924024388.0,16100000000.0,16100000000.0
2015-04-17,'600006,东风汽车,7.81,7.9,7.61,7.68,7.66,0.15,1.9582,4.0476,80951243,627356229.0,15620000000.0,15620000000.0
2015-04-16,'600006,东风汽车,7.66,7.68,7.0,7.54,7.67,-0.01,-0.1304,2.5545,51090531,386405139.0,15320000000.0,15320000000.0
2015-04-15,'600006,东风汽车,7.67,8.08,7.61,7.76,7.74,-0.07,-0.9044,4.1621,83241412,651804067.0,15340000000.0,15340000000.0
2015-04-14,'600006,东风汽车,7.74,7.84,7.41,7.59,7.6,0.14,1.8421,3.4568,69135719,528215901.0,15480000000.0,15480000000.0
2015-04-13,'600006,东风汽车,7.6,7.66,7.46,7.49,7.47,0.13,1.7403,2.6298,52595051,398094767.0,15200000000.0,15200000000.0
2015-04-10,'600006,东风汽车,7.47,7.58,7.34,7.37,7.37,0.1,1.3569,2.259,45179221,337437284.0,14940000000.0,14940000000.0
2015-04-09,'600006,东风汽车,7.37,7.66,7.19,7.66,7.72,-0.35,-4.5337,3.1666,63331373,469609284.0,14740000000.0,14740000000.0
2015-04-08,'600006,东风汽车,7.72,7.8,7.51,7.7,7.71,0.01,0.1297,3.6117,72233618,553819349.0,15440000000.0,15440000000.0
2015-04-07,'600006,东风汽车,7.71,7.88,7.62,7.8,7.67,0.04,0.5215,4.0032,80063258,617310273.0,15420000000.0,15420000000.0
2015-04-03,'600006,东风汽车,7.67,7.76,7.45,7.52,7.62,0.05,0.6562,4.6372,92743699,709309261.0,15340000000.0,15340000000.0
2015-04-02,'600006,东风汽车,7.62,7.79,7.43,7.68,7.7,-0.08,-1.039,8.1193,162386996,1237184366.0,15240000000.0,15240000000.0
2015-04-01,'600006,东风汽车,7.7,7.7,7.01,7.01,7.0,0.7,10.0,9.7767,195533912,1481558049.0,15400000000.0,15400000000.0
2015-03-31,'600006,东风汽车,7.0,7.24,6.96,7.2,7.17,-0.17,-2.371,2.4582,49164723,348330608.0,14000000000.0,14000000000.0
2015-03-30,'600006,东风汽车,7.17,7.31,7.1,7.28,7.17,0.0,0.0,2.7068,54135974,389093398.0,14340000000.0,14340000000.0
2015-03-27,'600006,东风汽车,7.17,7.24,7.01,7.11,7.09,0.08,1.1283,2.5931,51861247,368559133.0,14340000000.0,14340000000.0
2015-03-26,'600006,东风汽车,7.09,7.34,6.92,7.12,7.2,-0.11,-1.5278,2.9352,58704534,417474411.0,14180000000.0,14180000000.0
2015-03-25,'600006,东风汽车,7.2,7.44,7.1,7.28,7.13,0.07,0.9818,4.5751,91502991,667673790.0,14400000000.0,14400000000.0
2015-03-24,'600006,东风汽车,7.13,7.28,6.82,7.2,7.25,-0.12,-1.6552,4.3711,87421127,620490705.0,14260000000.0,14260000000.0
2015-03-23,'600006,东风汽车,7.25,7.44,6.66,6.77,6.76,0.49,7.2485,6.2386,124771870,897328748.0,14500000000.0,14500000000.0
2015-03-20,'600006,东风汽车,6.76,6.87,6.65,6.85,6.84,-0.08,-1.1696,2.756,55120313,370907579.0,13520000000.0,13520000000.0
2015-03-19,'600006,东风汽车,6.84,6.88,6.53,6.62,6.61,0.23,3.4796,4.065,81300724,549901211.0,13680000000.0,13680000000.0
2015-03-18,'600006,东风汽车,6.61,6.67,6.44,6.5,6.56,0.05,0.7622,3.435,68699444,449781326.0,13220000000.0,13220000000.0
2015-03-17,'600006,东风汽车,6.56,6.65,6.15,6.22,6.21,0.35,5.6361,5.0724,101448855,647064811.0,13120000000.0,13120000000.0
2015-03-16,'600006,东风汽车,6.21,6.34,6.04,6.07,6.12,0.09,1.4706,2.7298,54595756,339178412.0,12420000000.0,12420000000.0
2015-03-13,'600006,东风汽车,6.12,6.16,6.06,6.09,6.06,0.06,0.9901,1.2346,24691919,150894107.0,12240000000.0,12240000000.0
2015-03-12,'600006,东风汽车,6.06,6.18,6.0,6.15,6.15,-0.09,-1.4634,1.8963,37926681,229593778.0,12120000000.0,12120000000.0
2015-03-11,'600006,东风汽车,6.15,6.3,6.07,6.17,6.2,-0.05,-0.8065,1.2049,24097252,148511833.0,12300000000.0,12300000000.0
2015-03-10,'600006,东风汽车,6.2,6.26,6.12,6.25,6.24,-0.04,-0.641,1.1231,22461729,138925315.0,12400000000.0,12400000000.0
2015-03-09,'600006,东风汽车,6.24,6.26,6.09,6.23,6.28,-0.04,-0.6369,1.0558,21115011,130451229.0,12480000000.0,12480000000.0
2015-03-06,'600006,东风汽车,6.28,6.45,6.26,6.4,6.51,-0.23,-3.533,1.3477,26953937,170946546.0,12560000000.0,12560000000.0
2015-03-05,'600006,东风汽车,6.51,6.55,6.27,6.29,6.29,0.22,3.4976,2.7217,54434221,349445172.0,13020000000.0,13020000000.0
2015-03-04,'600006,东风汽车,6.29,6.3,6.2,6.2,6.27,0.02,0.319,1.2545,25089092,156631677.0,12580000000.0,12580000000.0
2015-03-03,'600006,东风汽车,6.27,6.37,6.19,6.34,6.39,-0.12,-1.8779,1.6861,33721990,211404024.0,12540000000.0,12540000000.0
2015-03-02,'600006,东风汽车,6.39,6.4,6.12,6.21,6.18,0.21,3.3981,2.4027,48053858,303234144.0,12780000000.0,12780000000.0
2015-02-27,'600006,东风汽车,6.18,6.3,6.12,6.16,6.15,0.03,0.4878,1.3207,26413905,163592236.0,12360000000.0,12360000000.0
2015-02-26,'600006,东风汽车,6.15,6.18,5.92,6.07,6.1,0.05,0.8197,1.7844,35688053,217376562.0,12300000000.0,12300000000.0
2015-02-25,'600006,东风汽车,6.1,6.38,6.08,6.3,6.24,-0.14,-2.2436,1.1085,22169791,136626062.0,12200000000.0,12200000000.0
2015-02-17,'600006,东风汽车,6.24,6.6,6.12,6.12,6.11,0.13,2.1277,2.4297,48594629,309262959.0,12480000000.0,12480000000.0
2015-02-16,'600006,东风汽车,6.11,6.24,6.08,6.11,6.1,0.01,0.1639,1.3903,27806493,171894258.0,12220000000.0,12220000000.0
2015-02-13,'600006,东风汽车,6.1,6.28,5.91,5.93,5.95,0.15,2.521,2.4475,48949110,299941709.0,12200000000.0,12200000000.0
2015-02-12,'600006,东风汽车,5.95,6.03,5.65,5.67,5.66,0.29,5.1237,1.3072,26143236,153256722.0,11900000000.0,11900000000.0
2015-02-11,'600006,东风汽车,5.66,5.73,5.66,5.7,5.67,-0.01,-0.1764,0.3621,7241664,41228439.0,11320000000.0,11320000000.0
2015-02-10,'600006,东风汽车,5.67,5.68,5.55,5.6,5.61,0.06,1.0695,0.4216,8432328,47604194.0,11340000000.0,11340000000.0
2015-02-09,'600006,东风汽车,5.61,5.65,5.49,5.58,5.63,-0.02,-0.3552,0.4692,9383062,52217632.0,11220000000.0,11220000000.0
2015-02-06,'600006,东风汽车,5.63,5.74,5.59,5.69,5.73,-0.1,-1.7452,0.8541,17082886,96456352.0,11260000000.0,11260000000.0
2015-02-05,'600006,东风汽车,5.73,6.0,5.7,5.91,5.86,-0.13,-2.2184,1.1415,22829110,134053354.0,11460000000.0,11460000000.0
2015-02-04,'600006,东风汽车,5.86,6.06,5.8,5.86,5.84,0.02,0.3425,1.684,33679163,200368783.0,11720000000.0,11720000000.0
2015-02-03,'600006,东风汽车,5.84,5.93,5.68,5.71,5.7,0.14,2.4561,1.4642,29284386,170287081.0,11680000000.0,11680000000.0
2015-02-02,'600006,东风汽车,5.7,5.82,5.68,5.81,5.86,-0.16,-2.7304,1.0003,20005594,114389649.0,11400000000.0,11400000000.0
2015-01-30,'600006,东风汽车,5.86,6.05,5.8,5.99,5.99,-0.13,-2.1703,0.9141,18282728,108228617.0,11720000000.0,11720000000.0
2015-01-29,'600006,东风汽车,5.99,6.08,5.88,5.99,6.02,-0.03,-0.4983,1.0507,21014057,125436189.0,11980000000.0,11980000000.0
2015-01-28,'600006,东风汽车,6.02,6.24,5.9,6.24,6.29,-0.27,-4.2925,2.6877,53754775,326127028.0,12040000000.0,12040000000.0
2015-01-27,'600006,东风汽车,6.29,6.33,5.85,5.85,5.83,0.46,7.8902,3.4168,68336831,417393699.0,12580000000.0,12580000000.0
2015-01-26,'600006,东风汽车,5.83,5.85,5.75,5.76,5.7,0.13,2.2807,1.0832,21663568,125561427.0,11660000000.0,11660000000.0
2015-01-23,'600006,东风汽车,5.7,5.84,5.69,5.84,5.79,-0.09,-1.5544,0.7775,15549162,89173658.0,11400000000.0,11400000000.0
2015-01-22,'600006,东风汽车,5.79,5.87,5.72,5.73,5.76,0.03,0.5208,0.7007,14013170,81074390.0,11580000000.0,11580000000.0
2015-01-21,'600006,东风汽车,5.76,5.77,5.5,5.62,5.6,0.16,2.8571,0.858,17160836,97410486.0,11520000000.0,11520000000.0
2015-01-20,'600006,东风汽车,5.6,5.7,5.52,5.52,5.52,0.08,1.4493,0.6756,13511734,75791951.0,11200000000.0,11200000000.0
2015-01-19,'600006,东风汽车,5.52,5.85,5.3,5.8,5.89,-0.37,-6.2818,1.5248,30496933,171280676.0,11040000000.0,11040000000.0
2015-01-16,'600006,东风汽车,5.89,5.96,5.85,5.88,5.88,0.01,0.1701,0.7257,14514451,85525821.0,11780000000.0,11780000000.0
2015-01-15,'600006,东风汽车,5.88,5.88,5.79,5.79,5.79,0.09,1.5544,0.4958,9916923,57882961.0,11760000000.0,11760000000.0
2015-01-14,'600006,东风汽车,5.79,6.0,5.76,5.98,5.97,-0.18,-3.0151,0.9463,18925155,110635666.0,11580000000.0,11580000000.0
2015-01-13,'600006,东风汽车,5.97,6.0,5.89,5.89,5.89,0.08,1.3582,0.5622,11243972,66916288.0,11940000000.0,11940000000.0
2015-01-12,'600006,东风汽车,5.89,5.98,5.86,5.91,5.93,-0.04,-0.6745,0.7986,15972379,94512242.0,11780000000.0,11780000000.0
2015-01-09,'600006,东风汽车,5.93,6.08,5.92,5.99,6.01,-0.08,-1.3311,0.9386,18772407,112837363.0,11860000000.0,11860000000.0
2015-01-08,'600006,东风汽车,6.01,6.24,6.0,6.24,6.21,-0.2,-3.2206,1.2612,25223988,153532285.0,12020000000.0,12020000000.0
2015-01-07,'600006,东风汽车,6.21,6.35,6.11,6.25,6.34,-0.13,-2.0505,1.6336,32671604,202699391.0,12420000000.0,12420000000.0
2015-01-06,'600006,东风汽车,6.34,6.69,6.07,6.15,6.24,0.1,1.6026,3.2635,65269698,416497656.0,12680000000.0,12680000000.0
2015-01-05,'600006,东风汽车,6.24,6.35,5.88,5.96,5.95,0.29,4.8739,3.2685,65370971,399678822.0,12480000000.0,12480000000.0
2014-12-31,'600006,东风汽车,5.95,5.99,5.81,5.85,5.85,0.1,1.7094,1.3019,26037115,153675064.0,11900000000.0,11900000000.0
2014-12-30,'600006,东风汽车,5.85,6.07,5.78,6.0,6.09,-0.24,-3.9409,1.4293,28585137,168862333.0,11700000000.0,11700000000.0
2014-12-29,'600006,东风汽车,6.09,6.17,5.81,6.1,6.06,0.03,0.495,2.484,49680253,296453958.0,12180000000.0,12180000000.0
2014-12-26,'600006,东风汽车,6.06,6.07,5.85,5.97,5.97,0.09,1.5075,1.7743,35486179,212689378.0,12120000000.0,12120000000.0
2014-12-25,'600006,东风汽车,5.97,6.03,5.85,5.97,5.94,0.03,0.5051,1.2485,24970245,147845921.0,11940000000.0,11940000000.0
2014-12-24,'600006,东风汽车,5.94,5.98,5.79,5.84,5.8,0.14,2.4138,1.1463,22926234,134974622.0,11880000000.0,11880000000.0
2014-12-23,'600006,东风汽车,5.8,6.01,5.73,5.82,5.82,-0.02,-0.3436,1.5248,30495435,179024443.0,11600000000.0,11600000000.0
2014-12-22,'600006,东风汽车,5.82,6.35,5.75,6.34,6.39,-0.57,-8.9202,3.5711,71422429,425335731.0,11640000000.0,11640000000.0
2014-12-19,'600006,东风汽车,6.39,6.5,6.19,6.48,6.48,-0.09,-1.3889,2.5636,51272823,322383439.0,12780000000.0,12780000000.0
2014-12-18,'600006,东风汽车,6.48,6.7,6.35,6.5,6.68,-0.2,-2.994,2.6976,53951658,349745531.0,12960000000.0,12960000000.0
2014-12-17,'600006,东风汽车,6.68,6.83,6.39,6.61,6.47,0.21,3.2457,5.9909,119817555,798582326.0,13360000000.0,13360000000.0
2014-12-16,'600006,东风汽车,6.47,6.47,5.89,5.9,5.88,0.59,10.034,4.236,84720089,531145862.0,12940000000.0,12940000000.0
2014-12-15,'600006,东风汽车,5.88,5.92,5.7,5.8,5.86,0.02,0.3413,1.3639,27278411,158589415.0,11760000000.0,11760000000.0
2014-12-12,'600006,东风汽车,5.86,6.06,5.79,6.0,5.89,-0.03,-0.5093,1.9501,39001609,230365954.0,11720000000.0,11720000000.0
2014-12-11,'600006,东风汽车,5.89,5.9,5.59,5.65,5.64,0.25,4.4326,2.0539,41078518,237854581.0,11780000000.0,11780000000.0
2014-12-10,'600006,东风汽车,5.64,5.68,5.45,5.5,5.54,0.1,1.8051,1.0483,20966899,117028730.0,11280000000.0,11280000000.0
2014-12-09,'600006,东风汽车,5.54,5.95,5.5,5.66,5.66,-0.12,-2.1201,2.3556,47111004,271781652.0,11080000000.0,11080000000.0
2014-12-08,'600006,东风汽车,5.66,5.72,5.5,5.65,5.75,-0.09,-1.5652,1.6718,33435518,188148388.0,11320000000.0,11320000000.0
2014-12-05,'600006,东风汽车,5.75,6.03,5.42,6.02,6.02,-0.27,-4.485,2.279,45580460,262974466.0,11500000000.0,11500000000.0
2014-12-04,'600006,东风汽车,6.02,6.08,5.91,6.06,6.02,0.0,0.0,2.7839,55678498,333401243.0,12040000000.0,12040000000.0
2014-12-03,'600006,东风汽车,6.02,6.03,5.52,5.59,5.53,0.49,8.8608,3.5248,70495488,406863592.0,12040000000.0,12040000000.0
2014-12-02,'600006,东风汽车,5.53,5.6,5.38,5.43,5.43,0.1,1.8416,1.1402,22804793,126061157.0,11060000000.0,11060000000.0
2014-12-01,'600006,东风汽车,5.43,5.6,5.38,5.5,5.58,-0.15,-2.6882,1.6087,32174296,176643109.0,10860000000.0,10860000000.0
2014-11-28,'600006,东风汽车,5.58,5.68,5.51,5.55,5.63,-0.05,-0.8881,1.5231,30462211,170269541.0,11160000000.0,11160000000.0
2014-11-27,'600006,东风汽车,5.63,5.75,5.6,5.71,5.7,-0.07,-1.2281,1.1552,23103917,130495303.0,11260000000.0,11260000000.0
2014-11-26,'600006,东风汽车,5.7,5.74,5.51,5.59,5.57,0.13,2.3339,1.6859,33717898,189436920.0,11400000000.0,11400000000.0
2014-11-25,'600006,东风汽车,5.57,5.61,5.49,5.6,5.6,-0.03,-0.5357,1.2473,24945796,138315241.0,11140000000.0,11140000000.0
2014-11-24,'600006,东风汽车,5.6,5.7,5.54,5.61,5.6,0.0,0.0,1.5598,31195116,174857413.0,11200000000.0,11200000000.0
2014-11-21,'600006,东风汽车,5.6,5.68,5.47,5.55,5.56,0.04,0.7194,1.2025,24050205,133464158.0,11200000000.0,11200000000.0
2014-11-20,'600006,东风汽车,5.56,5.65,5.39,5.47,5.48,0.08,1.4599,1.1756,23511070,130629130.0,11120000000.0,11120000000.0
2014-11-19,'600006,东风汽车,5.48,5.51,5.3,5.45,5.45,0.03,0.5505,0.8071,16141871,87468537.0,10960000000.0,10960000000.0
2014-11-18,'600006,东风汽车,5.45,5.62,5.28,5.28,5.28,0.17,3.2197,1.8076,36152242,198542717.0,10900000000.0,10900000000.0
2014-11-17,'600006,东风汽车,5.28,5.31,5.21,5.26,5.26,0.02,0.3802,0.6199,12398107,65346348.0,10560000000.0,10560000000.0
2014-11-14,'600006,东风汽车,5.26,5.32,5.16,5.22,5.24,0.02,0.3817,0.8781,17562569,91886451.0,10520000000.0,10520000000.0
2014-11-13,'600006,东风汽车,5.24,5.32,5.2,5.32,5.31,-0.07,-1.3183,0.6771,13542875,70975765.0,10480000000.0,10480000000.0
2014-11-12,'600006,东风汽车,5.31,5.31,5.18,5.2,5.29,0.02,0.3781,0.73,14600779,76568170.0,10620000000.0,10620000000.0
2014-11-11,'600006,东风汽车,5.29,5.61,5.17,5.61,5.57,-0.28,-5.0269,1.2989,25977761,139748993.0,10580000000.0,10580000000.0
2014-11-10,'600006,东风汽车,5.57,5.59,5.39,5.4,5.39,0.18,3.3395,1.1817,23633244,129853400.0,11140000000.0,11140000000.0
2014-11-07,'600006,东风汽车,5.39,5.48,5.34,5.48,5.51,-0.12,-2.1779,1.2645,25289055,136603619.0,10780000000.0,10780000000.0
2014-11-06,'600006,东风汽车,5.51,5.58,5.35,5.56,5.55,-0.04,-0.7207,1.0493,20985781,114591125.0,11020000000.0,11020000000.0
2014-11-05,'600006,东风汽车,5.55,5.68,5.46,5.68,5.68,-0.13,-2.2887,1.3549,27097243,149742585.0,11100000000.0,11100000000.0
2014-11-04,'600006,东风汽车,5.68,5.75,5.63,5.75,5.78,-0.1,-1.7301,1.0262,20523032,116471556.0,11360000000.0,11360000000.0
2014-11-03,'600006,东风汽车,5.78,5.94,5.68,5.7,5.7,0.08,1.4035,1.4024,28048694,162486926.0,11560000000.0,11560000000.0
2014-10-31,'600006,东风汽车,5.7,5.82,5.66,5.75,5.75,-0.05,-0.8696,0.9958,19915248,114158336.0,11400000000.0,11400000000.0
2014-10-30,'600006,东风汽车,5.75,5.86,5.7,5.75,5.8,-0.05,-0.8621,1.3,26000246,150269673.0,11500000000.0,11500000000.0
2014-10-29,'600006,东风汽车,5.8,5.86,5.57,5.68,5.65,0.15,2.6549,1.7483,34965446,200025302.0,11600000000.0,11600000000.0
2014-10-28,'600006,东风汽车,5.65,5.68,5.45,5.54,5.51,0.14,2.5408,1.0658,21316226,119191445.0,11300000000.0,11300000000.0
2014-10-27,'600006,东风汽车,5.51,5.58,5.36,5.36,5.33,0.18,3.3771,1.1043,22085587,120711087.0,11020000000.0,11020000000.0
2014-10-24,'600006,东风汽车,5.33,5.55,5.29,5.44,5.5,-0.17,-3.0909,1.1187,22373995,120575411.0,10660000000.0,10660000000.0
2014-10-23,'600006,东风汽车,5.5,5.72,5.46,5.6,5.6,-0.1,-1.7857,1.1196,22391874,124510591.0,11000000000.0,11000000000.0
2014-10-22,'600006,东风汽车,5.6,5.79,5.54,5.62,5.64,-0.04,-0.7092,0.8137,16273611,91881622.0,11200000000.0,11200000000.0
2014-10-21,'600006,东风汽车,5.64,5.9,5.6,5.8,5.78,-0.14,-2.4221,1.0837,21674167,124697246.0,11280000000.0,11280000000.0
2014-10-20,'600006,东风汽车,5.78,5.84,5.61,5.67,5.69,0.09,1.5817,0.8713,17426071,100084718.0,11560000000.0,11560000000.0
2014-10-17,'600006,东风汽车,5.69,5.77,5.32,5.61,5.63,0.06,1.0657,1.6274,32547168,181425242.0,11380000000.0,11380000000.0
2014-10-16,'600006,东风汽车,5.63,5.94,5.56,5.9,5.97,-0.34,-5.6951,1.5548,31096381,180085271.0,11260000000.0,11260000000.0
2014-10-15,'600006,东风汽车,5.97,6.1,5.8,6.1,6.1,-0.13,-2.1311,1.6291,32581444,194351707.0,11940000000.0,11940000000.0
2014-10-14,'600006,东风汽车,6.1,6.11,5.71,5.78,5.8,0.3,5.1724,2.3592,47184215,279178197.0,12200000000.0,12200000000.0
2014-10-13,'600006,东风汽车,5.8,5.9,5.65,5.72,5.72,0.08,1.3986,1.4914,29827791,172140449.0,11600000000.0,11600000000.0
2014-10-10,'600006,东风汽车,5.72,6.0,5.5,5.59,5.62,0.1,1.7794,2.5686,51371221,298417243.0,11440000000.0,11440000000.0
2014-10-09,'600006,东风汽车,5.62,5.74,5.5,5.68,5.75,-0.13,-2.2609,2.3013,46026472,257586194.0,11240000000.0,11240000000.0
2014-10-08,'600006,东风汽车,5.75,5.76,5.61,5.76,5.76,-0.01,-0.1736,1.6045,32090394,182698206.0,11500000000.0,11500000000.0
2014-09-30,'600006,东风汽车,5.76,5.98,5.49,5.55,5.64,0.12,2.1277,2.5875,51750845,298707104.0,11520000000.0,11520000000.0
2014-09-29,'600006,东风汽车,5.64,5.8,5.15,5.33,5.33,0.31,5.8161,3.3695,67390863,374037686.0,11280000000.0,11280000000.0
2014-09-26,'600006,东风汽车,5.33,5.37,5.01,5.21,5.21,0.12,2.3033,4.1594,83187711,430275403.0,10660000000.0,10660000000.0
2014-09-25,'600006,东风汽车,5.21,5.21,4.73,4.76,4.74,0.47,9.9156,4.2636,85271814,437127692.0,10420000000.0,10420000000.0
2014-09-24,'600006,东风汽车,4.74,4.76,4.61,4.67,4.67,0.07,1.4989,1.5204,30408615,143099317.0,9480000000.0,9480000000.0
2014-09-23,'600006,东风汽车,4.67,4.72,4.61,4.7,4.67,0.0,0.0,0.8307,16613511,77367100.0,9340000000.0,9340000000.0
2014-09-22,'600006,东风汽车,4.67,4.75,4.63,4.66,4.66,0.01,0.2146,1.1083,22165631,103994430.0,9340000000.0,9340000000.0
2014-09-19,'600006,东风汽车,4.66,4.69,4.55,4.6,4.66,0.0,0.0,0.9915,19830674,91601908.0,9320000000.0,9320000000.0
2014-09-18,'600006,东风汽车,4.66,4.82,4.62,4.77,4.64,0.02,0.431,1.2834,25667145,120749072.0,9320000000.0,9320000000.0
2014-09-17,'600006,东风汽车,4.64,4.7,4.56,4.7,4.7,-0.06,-1.2766,1.1187,22374426,103218592.0,9280000000.0,9280000000.0
2014-09-16,'600006,东风汽车,4.7,4.84,4.58,4.82,4.8,-0.1,-2.0833,2.0493,40985898,192599900.0,9400000000.0,9400000000.0
2014-09-15,'600006,东风汽车,4.8,4.83,4.7,4.73,4.74,0.06,1.2658,1.9365,38730947,184758897.0,9600000000.0,9600000000.0
2014-09-12,'600006,东风汽车,4.74,4.77,4.61,4.62,4.61,0.13,2.82,2.6321,52641173,248673294.0,9480000000.0,9480000000.0
2014-09-11,'600006,东风汽车,4.61,4.78,4.6,4.7,4.74,-0.13,-2.7426,2.9693,59385887,277679196.0,9220000000.0,9220000000.0
2014-09-10,'600006,东风汽车,4.74,4.87,4.66,4.87,4.88,-0.14,-2.8689,4.106,82120057,388937645.0,9480000000.0,9480000000.0
2014-09-09,'600006,东风汽车,4.88,4.88,4.41,4.45,4.44,0.44,9.9099,6.3928,127856920,607569781.0,9760000000.0,9760000000.0
2014-09-05,'600006,东风汽车,4.44,4.48,4.36,4.44,4.44,0.0,0.0,2.3696,47392995,210342676.0,8880000000.0,8880000000.0
2014-09-04,'600006,东风汽车,4.44,4.48,4.34,4.42,4.47,-0.03,-0.6711,2.3016,46032717,202062221.0,8880000000.0,8880000000.0
2014-09-03,'600006,东风汽车,4.47,4.61,4.39,4.45,4.43,0.04,0.9029,2.7725,55449571,248180798.0,8940000000.0,8940000000.0
2014-09-02,'600006,东风汽车,4.43,4.51,4.29,4.36,4.34,0.09,2.0737,2.9671,59342407,261860284.0,8860000000.0,8860000000.0
2014-09-01,'600006,东风汽车,4.34,4.36,4.26,4.29,4.32,0.02,0.463,1.9027,38054669,163804172.0,8680000000.0,8680000000.0
2014-08-29,'600006,东风汽车,4.32,4.45,4.18,4.44,4.44,-0.12,-2.7027,2.6888,53775277,230594688.0,8640000000.0,8640000000.0
2014-08-28,'600006,东风汽车,4.44,4.55,4.21,4.31,4.4,0.04,0.9091,2.9015,58030618,254639139.0,8880000000.0,8880000000.0
2014-08-27,'600006,东风汽车,4.4,4.66,4.26,4.31,4.34,0.06,1.3825,4.0706,81412992,364606128.0,8800000000.0,8800000000.0
2014-08-26,'600006,东风汽车,4.34,4.54,4.32,4.44,4.55,-0.21,-4.6154,3.6086,72172832,318917932.0,8680000000.0,8680000000.0
2014-08-25,'600006,东风汽车,4.55,4.57,4.16,4.31,4.37,0.18,4.119,5.6789,113577407,489166941.0,9100000000.0,9100000000.0
2014-08-22,'600006,东风汽车,4.37,4.49,4.25,4.3,4.6,-0.23,-5.0,5.8311,116621353,509737318.0,8740000000.0,8740000000.0
2014-08-21,'600006,东风汽车,4.6,4.99,4.5,4.98,4.71,-0.11,-2.3355,8.726,174520969,822711640.0,9200000000.0,9200000000.0
2014-08-20,'600006,东风汽车,4.71,4.71,4.71,4.71,4.28,0.43,10.0467,0.9626,19251883,90676369.0,9420000000.0,9420000000.0
2014-08-19,'600006,东风汽车,4.28,4.28,4.28,4.28,3.89,0.39,10.0257,0.5238,10476585,44839784.0,8560000000.0,8560000000.0
2014-08-18,'600006,东风汽车,0.0,0.0,0.0,0.0,3.89,None,None,0.0,0,0.0,7780000000.0,7780000000.0
2014-08-15,'600006,东风汽车,0.0,0.0,0.0,0.0,3.89,None,None,0.0,0,0.0,7780000000.0,7780000000.0
2014-08-14,'600006,东风汽车,3.89,3.89,3.56,3.6,3.54,0.35,9.887,5.5224,110447065,416161210.0,7780000000.0,7780000000.0
2014-08-13,'600006,东风汽车,3.54,3.54,3.23,3.26,3.22,0.32,9.9379,5.5842,111684858,390583174.0,7080000000.0,7080000000.0
2014-08-12,'600006,东风汽车,3.22,3.24,3.2,3.23,3.23,-0.01,-0.3096,0.4968,9935547,31962476.0,6440000000.0,6440000000.0
2014-08-11,'600006,东风汽车,3.23,3.24,3.19,3.19,3.19,0.04,1.2539,0.4634,9268081,29859821.0,6460000000.0,6460000000.0
2014-08-08,'600006,东风汽车,3.19,3.23,3.18,3.2,3.22,-0.03,-0.9317,0.563,11260450,36063824.0,6380000000.0,6380000000.0
2014-08-07,'600006,东风汽车,3.22,3.29,3.21,3.27,3.26,-0.04,-1.227,0.6659,13318600,43327423.0,6440000000.0,6440000000.0
2014-08-06,'600006,东风汽车,3.26,3.27,3.21,3.25,3.25,0.01,0.3077,0.7493,14986105,48563038.0,6520000000.0,6520000000.0
2014-08-05,'600006,东风汽车,3.25,3.27,3.22,3.25,3.25,0.0,0.0,0.5602,11203217,36307616.0,6500000000.0,6500000000.0
2014-08-04,'600006,东风汽车,3.25,3.26,3.18,3.21,3.18,0.07,2.2013,0.9204,18408073,59522628.0,6500000000.0,6500000000.0
2014-08-01,'600006,东风汽车,3.18,3.27,3.18,3.22,3.24,-0.06,-1.8519,0.9926,19851743,64091931.0,6360000000.0,6360000000.0
2014-07-31,'600006,东风汽车,3.24,3.25,3.18,3.21,3.21,0.03,0.9346,0.7371,14742279,47495549.0,6480000000.0,6480000000.0
2014-07-30,'600006,东风汽车,3.21,3.24,3.18,3.2,3.21,0.0,0.0,0.7831,15662284,50218920.0,6420000000.0,6420000000.0
2014-07-29,'600006,东风汽车,3.21,3.27,3.16,3.19,3.18,0.03,0.9434,1.0589,21178289,67985880.0,6420000000.0,6420000000.0
2014-07-28,'600006,东风汽车,3.18,3.2,3.16,3.17,3.17,0.01,0.3155,0.9135,18269419,58153613.0,6360000000.0,6360000000.0
2014-07-25,'600006,东风汽车,3.17,3.22,3.1,3.11,3.12,0.05,1.6026,0.9081,18161548,57355076.0,6340000000.0,6340000000.0
2014-07-24,'600006,东风汽车,3.12,3.14,3.09,3.11,3.11,0.01,0.3215,0.4165,8329897,25910760.0,6240000000.0,6240000000.0
2014-07-23,'600006,东风汽车,3.11,3.14,3.09,3.14,3.14,-0.03,-0.9554,0.4734,9468714,29459701.0,6220000000.0,6220000000.0
2014-07-22,'600006,东风汽车,3.14,3.15,3.08,3.09,3.09,0.05,1.6181,0.7356,14711168,46096541.0,6280000000.0,6280000000.0
2014-07-21,'600006,东风汽车,3.09,3.11,3.07,3.08,3.08,0.01,0.3247,0.357,7140299,22101905.0,6180000000.0,6180000000.0
2014-07-18,'600006,东风汽车,3.08,3.1,3.05,3.06,3.07,0.01,0.3257,0.2756,5511769,16961091.0,6160000000.0,6160000000.0
2014-07-17,'600006,东风汽车,3.07,3.12,3.06,3.12,3.12,-0.05,-1.6026,0.4238,8476706,26067552.0,6140000000.0,6140000000.0
2014-07-16,'600006,东风汽车,3.12,3.12,3.09,3.12,3.12,0.0,0.0,0.4603,9205768,28606175.0,6240000000.0,6240000000.0
2014-07-15,'600006,东风汽车,3.12,3.17,3.1,3.15,3.16,-0.04,-1.2658,0.7937,15874428,49617283.0,6240000000.0,6240000000.0
2014-07-14,'600006,东风汽车,3.16,3.2,3.04,3.04,3.04,0.12,3.9474,1.5643,31285997,98212896.0,6320000000.0,6320000000.0
2014-07-11,'600006,东风汽车,3.04,3.06,3.02,3.03,3.02,0.02,0.6623,0.3311,6622963,20137463.0,6080000000.0,6080000000.0
2014-07-10,'600006,东风汽车,3.02,3.03,3.0,3.0,3.0,0.02,0.6667,0.3165,6330746,19091192.0,6040000000.0,6040000000.0
2014-07-09,'600006,东风汽车,3.0,3.05,2.99,3.04,3.05,-0.05,-1.6393,0.264,5280667,15937029.0,6000000000.0,6000000000.0
2014-07-08,'600006,东风汽车,3.05,3.06,3.02,3.06,3.06,-0.01,-0.3268,0.2109,4218572,12829823.0,6100000000.0,6100000000.0
2014-07-07,'600006,东风汽车,3.06,3.09,3.03,3.03,3.04,0.02,0.6579,0.2974,5948822,18174350.0,6120000000.0,6120000000.0
2014-07-04,'600006,东风汽车,3.04,3.06,3.02,3.06,3.07,-0.03,-0.9772,0.4056,8111218,24651858.0,6080000000.0,6080000000.0
2014-07-03,'600006,东风汽车,3.07,3.14,2.98,3.0,3.0,0.07,2.3333,0.8473,16946773,51958957.0,6140000000.0,6140000000.0
2014-07-02,'600006,东风汽车,3.0,3.0,2.97,3.0,2.99,0.01,0.3344,0.2309,4617514,13786300.0,600000